timestamp,kpi_value,anomaly_label
2013/10/9 16:25,9926554.0,0
2013/10/9 16:30,50745578.0,0
2013/10/9 16:35,61519397.0,0
2013/10/9 16:40,55996401.0,0
2013/10/9 16:45,40876988.0,0
2013/10/9 16:50,27578939.0,0
2013/10/9 16:55,21556437.0,0
2013/10/9 17:00,17440444.6,0
2013/10/9 17:05,15573374.0,0
2013/10/9 17:10,16861197.6,0
2013/10/9 17:15,15478144.6,0
2013/10/9 17:20,13678676.6,0
2013/10/9 17:25,11499313.8,0
2013/10/9 17:30,12124202.8,0
2013/10/9 17:35,9052782.8,0
2013/10/9 17:40,8203117.2,0
2013/10/9 17:45,8309003.0,0
2013/10/9 17:50,7288143.8,0
2013/10/9 17:55,8049176.2,0
2013/10/9 18:00,7444835.6,0
2013/10/9 18:05,6954155.4,0
2013/10/9 18:10,7231045.0,0
2013/10/9 18:15,8040165.8,0
2013/10/9 18:20,8041010.6,0
2013/10/9 18:25,8631127.0,0
2013/10/9 18:30,10871151.8,0
2013/10/9 18:35,12124409.6,0
2013/10/9 18:40,13318374.8,0
2013/10/9 18:45,13666994.4,0
2013/10/9 18:50,14298954.0,0
2013/10/9 18:55,12679300.0,0
2013/10/9 19:00,13892004.8,0
2013/10/9 19:05,14145179.8,0
2013/10/9 19:10,13505345.2,0
2013/10/9 19:15,12603028.8,0
2013/10/9 19:20,12435453.8,0
2013/10/9 19:25,12193640.4,0
2013/10/9 19:30,11542288.0,0
2013/10/9 19:35,11432968.6,0
2013/10/9 19:40,12384512.2,0
2013/10/9 19:45,11534099.6,0
2013/10/9 19:50,14190782.8,1
2013/10/9 19:55,10355034.8,1
2013/10/9 20:00,11658785.8,1
2013/10/9 20:05,11139206.8,1
2013/10/9 20:10,8083117.8,1
2013/10/9 20:15,8599227.6,1
2013/10/9 20:20,9273135.2,1
2013/10/9 20:25,10097324.2,1
2013/10/9 20:30,7103913.6,1
2013/10/9 20:35,6885343.0,1
2013/10/9 20:40,9448017.6,0
2013/10/9 20:45,9151835.2,0
2013/10/9 20:50,7744279.8,0
2013/10/9 20:55,8781789.8,0
2013/10/9 21:00,8182947.4,0
2013/10/9 21:05,8303328.2,0
2013/10/9 21:10,7031833.4,0
2013/10/9 21:15,8185888.6,0
2013/10/9 21:20,8057902.0,0
2013/10/9 21:25,7633338.0,0
2013/10/9 21:30,6917495.8,0
2013/10/9 21:35,6870317.0,0
2013/10/9 21:40,7294645.6,0
2013/10/9 21:45,5611490.2,0
2013/10/9 21:50,6072482.4,0
2013/10/9 21:55,5285099.8,0
2013/10/9 22:00,6168137.2,0
2013/10/9 22:05,5984117.8,0
2013/10/9 22:10,5378818.4,0
2013/10/9 22:15,4649463.4,0
2013/10/9 22:20,4785452.6,0
2013/10/9 22:25,3547037.6,0
2013/10/9 22:30,4001507.2,0
2013/10/9 22:35,3605455.2,0
2013/10/9 22:40,3690194.0,0
2013/10/9 22:45,3352156.8,0
2013/10/9 22:50,3301986.2,0
2013/10/9 22:55,3269069.2,0
2013/10/9 23:00,3290852.4,0
2013/10/9 23:05,1511772.6,0
2013/10/9 23:10,1361081.2,0
2013/10/9 23:15,1313713.0,0
2013/10/9 23:20,2147718.8,0
2013/10/9 23:25,1998864.2,0
2013/10/9 23:30,1534170.4,0
2013/10/9 23:35,978077.0,0
2013/10/9 23:40,974482.6,0
2013/10/9 23:45,1120244.0,0
2013/10/9 23:50,1041381.4,0
2013/10/9 23:55,1315852.8,0
2013/10/10 0:00,1663223.0,0
2013/10/10 0:05,881168.6,0
2013/10/10 0:10,864271.8,0
2013/10/10 0:15,831722.8,0
2013/10/10 0:20,1025884.6,0
2013/10/10 0:25,1056338.6,0
2013/10/10 0:30,1342641.2,0
2013/10/10 0:35,901321.4,0
2013/10/10 0:40,994254.0,0
2013/10/10 0:45,995340.2,0
2013/10/10 0:50,1042389.8,0
2013/10/10 0:55,1468524.8,0
2013/10/10 1:00,1874774.4,0
2013/10/10 1:05,1068452.6,0
2013/10/10 1:10,997374.4,0
2013/10/10 1:15,1185431.8,0
2013/10/10 1:20,1253500.4,0
2013/10/10 1:25,1019610.0,0
2013/10/10 1:30,1467012.8,0
2013/10/10 1:35,889605.0,0
2013/10/10 1:40,825968.8,0
2013/10/10 1:45,944624.6,0
2013/10/10 1:50,1014397.6,0
2013/10/10 1:55,985993.2,0
2013/10/10 2:00,1556147.0,0
2013/10/10 2:05,918924.2,0
2013/10/10 2:10,946216.0,0
2013/10/10 2:15,1203311.6,0
2013/10/10 2:20,818717.8,0
2013/10/10 2:25,1271861.4,0
2013/10/10 2:30,1249426.0,0
2013/10/10 2:35,959763.2,0
2013/10/10 2:40,894922.6,0
2013/10/10 2:45,1035031.6,0
2013/10/10 2:50,1291079.8,0
2013/10/10 2:55,1066712.6,0
2013/10/10 3:00,2790829.8,0
2013/10/10 3:05,2466770.6,0
2013/10/10 3:10,3168191.8,0
2013/10/10 3:15,1362582.2,0
2013/10/10 3:20,1203811.0,0
2013/10/10 3:25,892913.2,0
2013/10/10 3:30,1422962.0,0
2013/10/10 3:35,1272848.0,0
2013/10/10 3:40,1383750.2,0
2013/10/10 3:45,973746.4,0
2013/10/10 3:50,1240975.6,0
2013/10/10 3:55,1022294.6,0
2013/10/10 4:00,1794335.0,0
2013/10/10 4:05,1261058.8,0
2013/10/10 4:10,1260534.4,0
2013/10/10 4:15,1064257.4,0
2013/10/10 4:20,1027933.8,0
2013/10/10 4:25,959238.6,0
2013/10/10 4:30,955490.2,0
2013/10/10 4:35,1219726.6,0
2013/10/10 4:40,944099.2,0
2013/10/10 4:45,789781.0,0
2013/10/10 4:50,1506217.2,0
2013/10/10 4:55,1009633.4,0
2013/10/10 5:00,1910032.4,0
2013/10/10 5:05,1004299.4,0
2013/10/10 5:10,800122.2,0
2013/10/10 5:15,1414346.8,0
2013/10/10 5:20,1114365.6,0
2013/10/10 5:25,1222933.0,0
2013/10/10 5:30,1177306.6,0
2013/10/10 5:35,936231.0,0
2013/10/10 5:40,1086114.8,0
2013/10/10 5:45,865114.8,0
2013/10/10 5:50,1058657.6,0
2013/10/10 5:55,1002185.8,0
2013/10/10 6:00,1487688.6,0
2013/10/10 6:05,1031687.8,0
2013/10/10 6:10,821456.4,0
2013/10/10 6:15,898685.4,0
2013/10/10 6:20,920632.8,0
2013/10/10 6:25,1260650.8,0
2013/10/10 6:30,1028933.8,0
2013/10/10 6:35,792172.0,0
2013/10/10 6:40,936512.8,0
2013/10/10 6:45,1188596.2,0
2013/10/10 6:50,1166070.0,0
2013/10/10 6:55,924183.8,0
2013/10/10 7:00,1702998.0,0
2013/10/10 7:05,2861705.2,0
2013/10/10 7:10,1146903.4,0
2013/10/10 7:15,1051866.2,0
2013/10/10 7:20,1196833.4,0
2013/10/10 7:25,1439759.4,0
2013/10/10 7:30,1084365.8,0
2013/10/10 7:35,1227197.8,0
2013/10/10 7:40,951286.8,0
2013/10/10 7:45,909773.0,0
2013/10/10 7:50,1673980.6,0
2013/10/10 7:55,1239774.4,0
2013/10/10 8:00,1623926.4,0
2013/10/10 8:05,1899871.8,0
2013/10/10 8:10,1061869.4,0
2013/10/10 8:15,1169978.4,0
2013/10/10 8:20,1309258.8,0
2013/10/10 8:25,1400611.4,0
2013/10/10 8:30,1478794.0,0
2013/10/10 8:35,1154915.6,0
2013/10/10 8:40,1119468.6,0
2013/10/10 8:45,1315528.4,0
2013/10/10 8:50,1316311.2,0
2013/10/10 8:55,1252876.6,0
2013/10/10 9:00,1611319.6,0
2013/10/10 9:05,1874347.2,0
2013/10/10 9:10,7734377.8,0
2013/10/10 9:15,21326575.6,0
2013/10/10 9:20,34239448.6,0
2013/10/10 9:25,39717876.0,0
2013/10/10 9:30,41614284.6,0
2013/10/10 9:35,46141497.6,0
2013/10/10 9:40,36632762.0,0
2013/10/10 9:45,22884266.2,0
2013/10/10 9:50,18195488.2,0
2013/10/10 9:55,14726156.8,0
2013/10/10 10:00,13021075.2,0
2013/10/10 10:05,12199362.0,1
2013/10/10 10:10,10825948.6,1
2013/10/10 10:15,9548127.6,1
2013/10/10 10:20,8109072.2,1
2013/10/10 10:25,8925800.4,1
2013/10/10 10:30,7765588.0,1
2013/10/10 10:35,6306836.6,1
2013/10/10 10:40,6912175.4,1
2013/10/10 10:45,8497172.4,1
2013/10/10 10:50,9570483.4,1
2013/10/10 10:55,10766459.6,1
2013/10/10 11:00,11728221.2,1
2013/10/10 11:05,12230082.2,1
2013/10/10 11:10,12685043.6,1
2013/10/10 11:15,13446408.0,1
2013/10/10 11:20,13995080.6,1
2013/10/10 11:25,14218029.8,1
2013/10/10 11:30,13467919.2,1
2013/10/10 11:35,13460836.0,1
2013/10/10 11:40,13809836.0,1
2013/10/10 11:45,14009019.0,1
2013/10/10 11:50,13084023.6,1
2013/10/10 11:55,12709564.2,1
2013/10/10 12:00,12814870.4,1
2013/10/10 12:05,11877359.0,1
2013/10/10 12:10,11696078.2,1
2013/10/10 12:15,11996982.8,1
2013/10/10 12:20,11997259.8,1
2013/10/10 12:25,11376455.0,1
2013/10/10 12:30,11210009.4,1
2013/10/10 12:35,9479133.6,1
2013/10/10 12:40,8772188.6,1
2013/10/10 12:45,7232056.8,1
2013/10/10 12:50,5023842.2,1
2013/10/10 12:55,4625737.4,1
2013/10/10 13:00,4001864.8,1
2013/10/10 13:05,3590778.4,1
2013/10/10 13:10,3459420.2,1
2013/10/10 13:15,4111032.6,1
2013/10/10 13:20,4421097.4,1
2013/10/10 13:25,4455026.0,1
2013/10/10 13:30,7491621.6,1
2013/10/10 13:35,6655292.6,1
2013/10/10 13:40,5443550.2,1
2013/10/10 13:45,6155358.2,1
2013/10/10 13:50,6492683.4,1
2013/10/10 13:55,6950044.0,1
2013/10/10 14:00,6841478.0,1
2013/10/10 14:05,6484278.0,1
2013/10/10 14:10,6224288.0,1
2013/10/10 14:15,6695084.8,1
2013/10/10 14:20,6520807.0,0
2013/10/10 14:25,4169085.8,0
2013/10/10 14:30,3935875.6,0
2013/10/10 14:35,3871600.0,0
2013/10/10 14:40,4002291.2,0
2013/10/10 14:45,3947186.2,0
2013/10/10 14:50,4353851.6,0
2013/10/10 14:55,4353784.6,0
2013/10/10 15:00,5099945.0,0
2013/10/10 15:05,5771032.8,0
2013/10/10 15:10,6843186.0,0
2013/10/10 15:15,5279036.4,0
2013/10/10 15:20,6496034.2,0
2013/10/10 15:25,4476881.4,0
2013/10/10 15:30,7500000.4,0
2013/10/10 15:35,4549360.8,0
2013/10/10 15:40,4837703.4,0
2013/10/10 15:45,5145406.0,0
2013/10/10 15:50,5235980.4,0
2013/10/10 15:55,4608298.0,0
2013/10/10 16:00,4648481.0,0
2013/10/10 16:05,5222922.0,0
2013/10/10 16:10,5018915.4,0
2013/10/10 16:15,6171433.4,0
2013/10/10 16:20,5202479.8,0
2013/10/10 16:25,3324062.0,0
2013/10/10 16:30,5081782.8,0
2013/10/10 16:35,4249074.6,0
2013/10/10 16:40,4199818.6,0
2013/10/10 16:45,5219494.2,0
2013/10/10 16:50,4694730.2,0
2013/10/10 16:55,6152926.2,0
2013/10/10 17:00,5550911.8,0
2013/10/10 17:05,4896396.0,0
2013/10/10 17:10,5670213.8,0
2013/10/10 17:15,4850725.4,0
2013/10/10 17:20,4571890.4,0
2013/10/10 17:25,4536476.8,0
2013/10/10 17:30,4437847.2,0
2013/10/10 17:35,5375253.2,0
2013/10/10 17:40,4312917.2,0
2013/10/10 17:45,3983407.8,0
2013/10/10 17:50,4300847.6,0
2013/10/10 17:55,4406236.0,0
2013/10/10 18:00,4374796.8,0
2013/10/10 18:05,3936344.4,0
2013/10/10 18:10,3846504.4,0
2013/10/10 18:15,3692155.2,0
2013/10/10 18:20,3217057.0,0
2013/10/10 18:25,3820828.8,0
2013/10/10 18:30,4718348.6,0
2013/10/10 18:35,3415757.8,0
2013/10/10 18:40,4203280.8,0
2013/10/10 18:45,3655304.0,0
2013/10/10 18:50,3335873.0,0
2013/10/10 18:55,3137363.0,0
2013/10/10 19:00,3636906.4,0
2013/10/10 19:05,3469994.6,0
2013/10/10 19:10,3291118.6,0
2013/10/10 19:15,3582063.0,0
2013/10/10 19:20,3177593.0,0
2013/10/10 19:25,3183260.8,0
2013/10/10 19:30,2701991.8,0
2013/10/10 19:35,2756069.0,0
2013/10/10 19:40,3424595.0,0
2013/10/10 19:45,2716830.0,0
2013/10/10 19:50,2595576.6,0
2013/10/10 19:55,3246679.0,0
2013/10/10 20:00,2800273.6,0
2013/10/10 20:05,2484272.0,0
2013/10/10 20:10,2227412.4,0
2013/10/10 20:15,2684762.6,0
2013/10/10 20:20,3560943.0,0
2013/10/10 20:25,3986034.8,0
2013/10/10 20:30,4382304.2,0
2013/10/10 20:35,6511585.2,0
2013/10/10 20:40,13757010.4,0
2013/10/10 20:45,9203809.4,0
2013/10/10 20:50,5384941.6,0
2013/10/10 20:55,3715801.6,0
2013/10/10 21:00,3076906.8,0
2013/10/10 21:05,2981824.0,0
2013/10/10 21:10,2508304.8,1
2013/10/10 21:15,2873027.0,1
2013/10/10 21:20,2736929.8,1
2013/10/10 21:25,2852624.6,0
2013/10/10 21:30,2597563.6,0
2013/10/10 21:35,2299805.4,0
2013/10/10 21:40,2124006.6,0
2013/10/10 21:45,1843232.8,0
2013/10/10 21:50,2516452.4,0
2013/10/10 21:55,2635773.2,0
2013/10/10 22:00,2934168.6,0
2013/10/10 22:05,3165361.2,0
2013/10/10 22:10,2596034.8,0
2013/10/10 22:15,2365396.2,0
2013/10/10 22:20,2410592.4,0
2013/10/10 22:25,2411177.2,0
2013/10/10 22:30,2817637.0,0
2013/10/10 22:35,2420126.0,0
2013/10/10 22:40,2087740.6,0
2013/10/10 22:45,1964231.0,0
2013/10/10 22:50,2010772.4,0
2013/10/10 22:55,1781298.8,0
2013/10/10 23:00,2799522.0,0
2013/10/10 23:05,2338843.0,0
2013/10/10 23:10,1943066.8,0
2013/10/10 23:15,2518236.8,0
2013/10/10 23:20,3359710.8,0
2013/10/10 23:25,2119819.4,0
2013/10/10 23:30,2216677.4,0
2013/10/10 23:35,1922451.0,0
2013/10/10 23:40,2131340.4,1
2013/10/10 23:45,2174178.6,1
2013/10/10 23:50,2053342.8,1
2013/10/10 23:55,2500698.4,1
2013/10/11 0:00,2345290.8,1
2013/10/11 0:05,2157204.4,1
2013/10/11 0:10,2458691.2,1
2013/10/11 0:15,2451451.4,1
2013/10/11 0:20,2074059.4,1
2013/10/11 0:25,2823709.6,1
2013/10/11 0:30,3076168.6,1
2013/10/11 0:35,2733595.0,1
2013/10/11 0:40,2627582.6,1
2013/10/11 0:45,2571875.4,1
2013/10/11 0:50,2763043.4,1
2013/10/11 0:55,3373233.6,1
2013/10/11 1:00,2596747.2,1
2013/10/11 1:05,2573697.0,1
2013/10/11 1:10,2585580.8,1
2013/10/11 1:15,2926060.2,1
2013/10/11 1:20,2721994.2,1
2013/10/11 1:25,2826090.8,1
2013/10/11 1:30,3175531.0,1
2013/10/11 1:35,2783067.4,1
2013/10/11 1:40,2646577.8,1
2013/10/11 1:45,2249622.8,1
2013/10/11 1:50,2380653.2,1
2013/10/11 1:55,3353167.8,1
2013/10/11 2:00,2691037.4,1
2013/10/11 2:05,2815953.6,1
2013/10/11 2:10,2388228.8,1
2013/10/11 2:15,2607510.2,1
2013/10/11 2:20,2258206.2,1
2013/10/11 2:25,2119898.0,1
2013/10/11 2:30,2234826.6,1
2013/10/11 2:35,2029213.0,1
2013/10/11 2:40,2022639.2,1
2013/10/11 2:45,2477133.0,1
2013/10/11 2:50,2322718.8,1
2013/10/11 2:55,2451926.6,1
2013/10/11 3:00,3751994.8,1
2013/10/11 3:05,3835848.4,1
2013/10/11 3:10,4605135.8,1
2013/10/11 3:15,2598200.0,1
2013/10/11 3:20,2721577.4,1
2013/10/11 3:25,2402112.2,1
2013/10/11 3:30,2573645.6,1
2013/10/11 3:35,1869702.6,1
2013/10/11 3:40,2195341.8,1
2013/10/11 3:45,2179106.2,1
2013/10/11 3:50,2224773.8,1
2013/10/11 3:55,2051167.2,1
2013/10/11 4:00,2076078.6,1
2013/10/11 4:05,2338487.0,1
2013/10/11 4:10,2322368.6,1
2013/10/11 4:15,2213996.4,1
2013/10/11 4:20,1960851.4,1
2013/10/11 4:25,2122598.6,1
2013/10/11 4:30,2050746.2,1
2013/10/11 4:35,1663046.4,1
2013/10/11 4:40,1939977.0,1
2013/10/11 4:45,1737724.6,1
2013/10/11 4:50,2021960.8,1
2013/10/11 4:55,2004803.6,1
2013/10/11 5:00,2166114.6,1
2013/10/11 5:05,1853609.6,1
2013/10/11 5:10,1976750.8,1
2013/10/11 5:15,2105559.2,1
2013/10/11 5:20,1761453.0,1
2013/10/11 5:25,2153253.4,1
2013/10/11 5:30,1780847.8,1
2013/10/11 5:35,2041699.2,1
2013/10/11 5:40,1819123.4,1
2013/10/11 5:45,1892495.8,1
2013/10/11 5:50,2131994.0,1
2013/10/11 5:55,2037706.0,1
2013/10/11 6:00,2019189.0,1
2013/10/11 6:05,1799215.4,1
2013/10/11 6:10,1805860.4,1
2013/10/11 6:15,1768089.2,1
2013/10/11 6:20,2498414.8,1
2013/10/11 6:25,2238022.2,1
2013/10/11 6:30,2159250.6,1
2013/10/11 6:35,2639714.6,1
2013/10/11 6:40,2171903.2,1
2013/10/11 6:45,2519590.8,1
2013/10/11 6:50,2841035.4,1
2013/10/11 6:55,2955063.4,1
2013/10/11 7:00,2999436.2,1
2013/10/11 7:05,3614117.4,1
2013/10/11 7:10,3138828.0,1
2013/10/11 7:15,2943885.2,1
2013/10/11 7:20,3058868.2,1
2013/10/11 7:25,3485896.2,1
2013/10/11 7:30,3034602.4,1
2013/10/11 7:35,3229994.2,1
2013/10/11 7:40,3210041.0,1
2013/10/11 7:45,3268730.4,1
2013/10/11 7:50,4081030.8,1
2013/10/11 7:55,4146895.2,1
2013/10/11 8:00,3599528.0,1
2013/10/11 8:05,3779623.6,1
2013/10/11 8:10,3734695.8,1
2013/10/11 8:15,3843868.2,1
2013/10/11 8:20,3627613.4,1
2013/10/11 8:25,3246938.2,1
2013/10/11 8:30,3139698.4,1
2013/10/11 8:35,3022623.2,1
2013/10/11 8:40,3175430.4,1
2013/10/11 8:45,2937446.6,1
2013/10/11 8:50,2705773.0,1
2013/10/11 8:55,2281336.2,1
2013/10/11 9:00,2721626.8,1
2013/10/11 9:05,2526060.2,1
2013/10/11 9:10,1943263.0,1
2013/10/11 9:15,2115264.8,1
2013/10/11 9:20,1716114.6,1
2013/10/11 9:25,1689399.4,1
2013/10/11 9:30,1614255.4,1
2013/10/11 9:35,1586300.6,1
2013/10/11 9:40,1945050.0,1
2013/10/11 9:45,1419494.6,1
2013/10/11 9:50,2052665.4,1
2013/10/11 9:55,1503766.4,1
2013/10/11 10:00,1425593.8,1
2013/10/11 10:05,1564241.2,1
2013/10/11 10:10,1445060.2,1
2013/10/11 10:15,1402325.6,1
2013/10/11 10:20,1630047.2,1
2013/10/11 10:25,1315837.2,1
2013/10/11 10:30,1399811.8,1
2013/10/11 10:35,1653111.4,1
2013/10/11 10:40,1317575.4,1
2013/10/11 10:45,1333332.8,1
2013/10/11 10:50,1646857.6,1
2013/10/11 10:55,1436422.6,1
2013/10/11 11:00,1447339.2,1
2013/10/11 11:05,1613220.4,1
2013/10/11 11:10,1662310.2,1
2013/10/11 11:15,1545840.2,1
2013/10/11 11:20,2411798.8,1
2013/10/11 11:25,2392206.4,1
2013/10/11 11:30,2101047.4,1
2013/10/11 11:35,1488686.2,1
2013/10/11 11:40,2004115.6,1
2013/10/11 11:45,1691222.6,1
2013/10/11 11:50,2059449.4,1
2013/10/11 11:55,2161052.6,1
2013/10/11 12:00,2587023.0,1
2013/10/11 12:05,3038556.8,1
2013/10/11 12:10,3019801.6,1
2013/10/11 12:15,3016383.4,1
2013/10/11 12:20,3488911.0,1
2013/10/11 12:25,3639406.4,1
2013/10/11 12:30,4288769.2,1
2013/10/11 12:35,4508238.6,1
2013/10/11 12:40,3876246.2,1
2013/10/11 12:45,3620962.8,1
2013/10/11 12:50,4616707.2,1
2013/10/11 12:55,4108598.8,1
2013/10/11 13:00,4354785.6,1
2013/10/11 13:05,4086370.4,1
2013/10/11 13:10,4152349.6,1
2013/10/11 13:15,4059468.6,1
2013/10/11 13:20,4503811.6,1
2013/10/11 13:25,4255971.6,1
2013/10/11 13:30,4555081.6,1
2013/10/11 13:35,3962572.6,1
2013/10/11 13:40,4546405.8,1
2013/10/11 13:45,4112242.4,1
2013/10/11 13:50,3963009.4,1
2013/10/11 13:55,4264964.2,1
2013/10/11 14:00,4711787.0,1
2013/10/11 14:05,4008551.6,1
2013/10/11 14:10,3886748.4,1
2013/10/11 14:15,4360407.8,1
2013/10/11 14:20,3777113.6,1
2013/10/11 14:25,4448038.4,1
2013/10/11 14:30,4350720.0,1
2013/10/11 14:35,4000456.4,1
2013/10/11 14:40,3757759.0,1
2013/10/11 14:45,3714593.2,1
2013/10/11 14:50,3802077.8,1
2013/10/11 14:55,4170299.8,1
2013/10/11 15:00,5127343.2,1
2013/10/11 15:05,5878506.0,1
2013/10/11 15:10,7135374.6,1
2013/10/11 15:15,5958465.2,1
2013/10/11 15:20,5198396.6,1
2013/10/11 15:25,4433295.4,1
2013/10/11 15:30,4855605.8,1
2013/10/11 15:35,4924891.2,1
2013/10/11 15:40,4788996.0,1
2013/10/11 15:45,4697164.6,1
2013/10/11 15:50,4682754.0,1
2013/10/11 15:55,4119163.4,1
2013/10/11 16:00,5152299.2,1
2013/10/11 16:05,5840876.0,1
2013/10/11 16:10,4851767.2,1
2013/10/11 16:15,5146560.4,1
2013/10/11 16:20,4523770.8,1
2013/10/11 16:25,5435023.6,1
2013/10/11 16:30,4971937.8,1
2013/10/11 16:35,5635966.8,1
2013/10/11 16:40,5122805.8,1
2013/10/11 16:45,5066339.0,1
2013/10/11 16:50,5091821.0,1
2013/10/11 16:55,5286978.0,1
2013/10/11 17:00,4617354.2,1
2013/10/11 17:05,5074936.2,0
2013/10/11 17:10,4946120.0,0
2013/10/11 17:15,6072816.0,0
2013/10/11 17:20,5499821.0,0
2013/10/11 17:25,5616319.6,0
2013/10/11 17:30,6105407.6,0
2013/10/11 17:35,5154501.0,0
2013/10/11 17:40,4878282.2,0
2013/10/11 17:45,5460952.2,0
2013/10/11 17:50,5431154.6,0
2013/10/11 17:55,6670608.0,0
2013/10/11 18:00,6095858.6,0
2013/10/11 18:05,6956541.4,0
2013/10/11 18:10,6199730.6,0
2013/10/11 18:15,5714497.8,0
2013/10/11 18:20,6457977.6,0
2013/10/11 18:25,5753349.2,0
2013/10/11 18:30,6047827.2,0
2013/10/11 18:35,6658760.6,0
2013/10/11 18:40,5845224.0,0
2013/10/11 18:45,6342895.4,0
2013/10/11 18:50,6092819.0,0
2013/10/11 18:55,6495620.4,0
2013/10/11 19:00,6848253.4,0
2013/10/11 19:05,7022389.4,0
2013/10/11 19:10,6095139.6,0
2013/10/11 19:15,5196470.0,0
2013/10/11 19:20,6245523.6,0
2013/10/11 19:25,6063450.0,0
2013/10/11 19:30,5752171.4,0
2013/10/11 19:35,6961971.2,0
2013/10/11 19:40,5756761.6,0
2013/10/11 19:45,6439968.0,0
2013/10/11 19:50,6029420.4,0
2013/10/11 19:55,5526105.2,0
2013/10/11 20:00,5683547.4,0
2013/10/11 20:05,5640075.6,0
2013/10/11 20:10,5640589.8,0
2013/10/11 20:15,5567824.0,0
2013/10/11 20:20,5077413.0,0
2013/10/11 20:25,5764415.0,0
2013/10/11 20:30,6909404.8,0
2013/10/11 20:35,7339086.6,0
2013/10/11 20:40,10412561.6,0
2013/10/11 20:45,7364122.0,0
2013/10/11 20:50,5189782.4,0
2013/10/11 20:55,3723893.6,0
2013/10/11 21:00,6623585.8,0
2013/10/11 21:05,4414673.2,0
2013/10/11 21:10,9307313.4,0
2013/10/11 21:15,3958717.2,0
2013/10/11 21:20,4500197.4,0
2013/10/11 21:25,4809785.2,0
2013/10/11 21:30,4220875.4,0
2013/10/11 21:35,4678269.8,0
2013/10/11 21:40,4023287.8,0
2013/10/11 21:45,4025726.2,0
2013/10/11 21:50,4899668.2,0
2013/10/11 21:55,4500448.2,0
2013/10/11 22:00,5425124.2,0
2013/10/11 22:05,4736342.6,0
2013/10/11 22:10,3897116.4,0
2013/10/11 22:15,4175719.2,0
2013/10/11 22:20,3768877.4,0
2013/10/11 22:25,3633691.4,0
2013/10/11 22:30,3136307.2,0
2013/10/11 22:35,3600642.0,0
2013/10/11 22:40,3480859.4,0
2013/10/11 22:45,3182200.6,0
2013/10/11 22:50,3398359.6,0
2013/10/11 22:55,3428305.6,0
2013/10/11 23:00,3942081.2,0
2013/10/11 23:05,3610477.8,0
2013/10/11 23:10,2606589.8,0
2013/10/11 23:15,2532067.6,0
2013/10/11 23:20,3795175.8,0
2013/10/11 23:25,4031016.2,0
2013/10/11 23:30,3087124.6,0
2013/10/11 23:35,2645886.2,0
2013/10/11 23:40,2921061.8,0
2013/10/11 23:45,2868193.8,0
2013/10/11 23:50,3678312.0,0
2013/10/11 23:55,3993569.2,0
2013/10/12 0:00,3155317.8,0
2013/10/12 0:05,2577275.4,0
2013/10/12 0:10,2030924.2,0
2013/10/12 0:15,2691552.8,0
2013/10/12 0:20,2108746.2,0
2013/10/12 0:25,2602548.4,0
2013/10/12 0:30,2468735.6,0
2013/10/12 0:35,2507354.4,0
2013/10/12 0:40,2261713.8,0
2013/10/12 0:45,2457518.2,0
2013/10/12 0:50,2418719.6,0
2013/10/12 0:55,3111028.0,0
2013/10/12 1:00,3591372.8,0
2013/10/12 1:05,3041616.4,0
2013/10/12 1:10,2416064.8,0
2013/10/12 1:15,2395888.0,0
2013/10/12 1:20,2708144.6,0
2013/10/12 1:25,2907673.0,0
2013/10/12 1:30,2969344.6,0
2013/10/12 1:35,2668099.4,0
2013/10/12 1:40,3015050.0,0
2013/10/12 1:45,2737246.2,0
2013/10/12 1:50,3323086.0,0
2013/10/12 1:55,3542606.4,0
2013/10/12 2:00,3537503.4,0
2013/10/12 2:05,3174286.2,0
2013/10/12 2:10,3053158.4,0
2013/10/12 2:15,2712443.2,0
2013/10/12 2:20,3243322.6,0
2013/10/12 2:25,2970901.6,0
2013/10/12 2:30,3602252.0,0
2013/10/12 2:35,3767764.6,0
2013/10/12 2:40,3217024.8,0
2013/10/12 2:45,3623309.2,0
2013/10/12 2:50,3463932.6,0
2013/10/12 2:55,3473942.8,0
2013/10/12 3:00,4327528.2,0
2013/10/12 3:05,4953168.0,0
2013/10/12 3:10,6010022.0,0
2013/10/12 3:15,3792235.2,0
2013/10/12 3:20,5067495.2,0
2013/10/12 3:25,4178473.4,0
2013/10/12 3:30,3722183.4,1
2013/10/12 3:35,6000974.2,1
2013/10/12 3:40,3656226.2,1
2013/10/12 3:45,3946900.8,1
2013/10/12 3:50,3872716.2,1
2013/10/12 3:55,3954127.4,1
2013/10/12 4:00,3870564.8,1
2013/10/12 4:05,3812299.2,1
2013/10/12 4:10,3793134.4,1
2013/10/12 4:15,3610520.8,1
2013/10/12 4:20,4167550.6,1
2013/10/12 4:25,3844542.6,1
2013/10/12 4:30,4094993.0,1
2013/10/12 4:35,4207063.8,1
2013/10/12 4:40,4017962.2,1
2013/10/12 4:45,4211817.8,1
2013/10/12 4:50,4397386.8,1
2013/10/12 4:55,3821873.6,1
2013/10/12 5:00,3433559.8,1
2013/10/12 5:05,3552335.0,1
2013/10/12 5:10,2997523.4,1
2013/10/12 5:15,4158629.4,1
2013/10/12 5:20,3505453.6,1
2013/10/12 5:25,3596603.0,1
2013/10/12 5:30,3458603.8,1
2013/10/12 5:35,4103340.4,1
2013/10/12 5:40,3722259.6,1
2013/10/12 5:45,3310317.8,1
2013/10/12 5:50,3180112.2,1
2013/10/12 5:55,2763020.2,1
2013/10/12 6:00,3481835.8,1
2013/10/12 6:05,3115962.0,1
2013/10/12 6:10,3758110.6,1
2013/10/12 6:15,3146130.6,1
2013/10/12 6:20,3678237.8,1
2013/10/12 6:25,3332586.2,1
2013/10/12 6:30,3376556.8,1
2013/10/12 6:35,2932539.4,1
2013/10/12 6:40,3868952.0,1
2013/10/12 6:45,4180022.4,1
2013/10/12 6:50,2911885.2,1
2013/10/12 6:55,3045753.4,1
2013/10/12 7:00,3893686.2,1
2013/10/12 7:05,3498895.4,1
2013/10/12 7:10,2484609.8,1
2013/10/12 7:15,3153370.4,1
2013/10/12 7:20,2963782.0,1
2013/10/12 7:25,3208165.8,1
2013/10/12 7:30,3842270.6,1
2013/10/12 7:35,2712457.0,1
2013/10/12 7:40,2525058.4,1
2013/10/12 7:45,2654476.6,1
2013/10/12 7:50,2774432.8,1
2013/10/12 7:55,3125988.4,1
2013/10/12 8:00,2628484.4,1
2013/10/12 8:05,2750668.8,1
2013/10/12 8:10,2121267.8,1
2013/10/12 8:15,2423121.0,1
2013/10/12 8:20,2492465.2,1
2013/10/12 8:25,2205542.4,1
2013/10/12 8:30,2244046.4,1
2013/10/12 8:35,2289428.2,1
2013/10/12 8:40,2335671.2,1
2013/10/12 8:45,1986150.4,1
2013/10/12 8:50,1974910.2,1
2013/10/12 8:55,1931628.8,1
2013/10/12 9:00,2256923.0,1
2013/10/12 9:05,1563206.2,1
2013/10/12 9:10,1680554.4,1
2013/10/12 9:15,1435048.2,1
2013/10/12 9:20,1445570.2,1
2013/10/12 9:25,1230529.0,1
2013/10/12 9:30,1292470.8,1
2013/10/12 9:35,1377636.6,1
2013/10/12 9:40,1814704.4,1
2013/10/12 9:45,1646375.8,1
2013/10/12 9:50,1589812.0,1
2013/10/12 9:55,2908752.2,1
2013/10/12 10:00,2209294.8,1
2013/10/12 10:05,2293599.8,1
2013/10/12 10:10,2518515.2,1
2013/10/12 10:15,2368925.2,1
2013/10/12 10:20,2418048.6,1
2013/10/12 10:25,2574732.0,1
2013/10/12 10:30,2560719.6,1
2013/10/12 10:35,2998595.0,1
2013/10/12 10:40,2464394.8,1
2013/10/12 10:45,2695531.6,1
2013/10/12 10:50,2881381.6,1
2013/10/12 10:55,2912230.4,1
2013/10/12 11:00,3149090.6,1
2013/10/12 11:05,3296592.0,1
2013/10/12 11:10,3696286.2,1
2013/10/12 11:15,2925279.8,1
2013/10/12 11:20,3628548.8,1
2013/10/12 11:25,3048131.8,1
2013/10/12 11:30,2474744.6,1
2013/10/12 11:35,2733783.8,1
2013/10/12 11:40,2876619.2,1
2013/10/12 11:45,2426435.2,1
2013/10/12 11:50,2877881.2,1
2013/10/12 11:55,2236777.4,1
2013/10/12 12:00,2424895.6,1
2013/10/12 12:05,2036357.0,1
2013/10/12 12:10,3273247.8,1
2013/10/12 12:15,2225564.4,1
2013/10/12 12:20,2773553.4,1
2013/10/12 12:25,3272074.8,1
2013/10/12 12:30,2563503.8,1
2013/10/12 12:35,3315340.6,1
2013/10/12 12:40,2490231.6,1
2013/10/12 12:45,2685661.4,1
2013/10/12 12:50,2783047.8,1
2013/10/12 12:55,2494818.8,1
2013/10/12 13:00,2915377.0,1
2013/10/12 13:05,2100844.8,1
2013/10/12 13:10,2932784.4,1
2013/10/12 13:15,3113921.8,1
2013/10/12 13:20,2679085.2,1
2013/10/12 13:25,2981291.6,1
2013/10/12 13:30,3528916.2,1
2013/10/12 13:35,3714299.6,1
2013/10/12 13:40,2506308.4,1
2013/10/12 13:45,2977082.8,1
2013/10/12 13:50,2654474.0,1
2013/10/12 13:55,2747757.6,1
2013/10/12 14:00,3425450.2,1
2013/10/12 14:05,2860588.4,1
2013/10/12 14:10,2602600.6,1
2013/10/12 14:15,3064562.4,1
2013/10/12 14:20,2678636.4,1
2013/10/12 14:25,2811047.4,1
2013/10/12 14:30,2986170.0,1
2013/10/12 14:35,3030498.2,1
2013/10/12 14:40,1992914.2,1
2013/10/12 14:45,2307638.6,1
2013/10/12 14:50,2916463.0,1
2013/10/12 14:55,3218693.2,1
2013/10/12 15:00,4232165.4,1
2013/10/12 15:05,4293438.2,1
2013/10/12 15:10,5731243.0,1
2013/10/12 15:15,3331719.8,1
2013/10/12 15:20,3883587.8,1
2013/10/12 15:25,3271342.2,1
2013/10/12 15:30,2942843.2,1
2013/10/12 15:35,3694746.0,1
2013/10/12 15:40,3642126.4,1
2013/10/12 15:45,3734729.0,1
2013/10/12 15:50,3394430.6,1
2013/10/12 15:55,3529268.4,1
2013/10/12 16:00,3715568.8,1
2013/10/12 16:05,3746838.6,1
2013/10/12 16:10,4208361.2,1
2013/10/12 16:15,4003901.8,1
2013/10/12 16:20,3824163.8,1
2013/10/12 16:25,3375125.8,1
2013/10/12 16:30,3540937.0,1
2013/10/12 16:35,3146923.2,1
2013/10/12 16:40,4168467.0,1
2013/10/12 16:45,3349810.2,1
2013/10/12 16:50,3187740.8,1
2013/10/12 16:55,3217855.6,1
2013/10/12 17:00,3205658.2,1
2013/10/12 17:05,2214341.8,1
2013/10/12 17:10,2062268.8,1
2013/10/12 17:15,2550043.2,1
2013/10/12 17:20,2092985.2,1
2013/10/12 17:25,3150399.8,1
2013/10/12 17:30,2122509.2,1
2013/10/12 17:35,2788856.2,1
2013/10/12 17:40,2321360.2,1
2013/10/12 17:45,2890855.4,1
2013/10/12 17:50,4035097.6,1
2013/10/12 17:55,3497103.6,1
2013/10/12 18:00,3170049.2,1
2013/10/12 18:05,3004455.6,1
2013/10/12 18:10,3466245.8,1
2013/10/12 18:15,3331877.8,1
2013/10/12 18:20,2944188.8,1
2013/10/12 18:25,3491523.4,1
2013/10/12 18:30,4161306.2,1
2013/10/12 18:35,2824246.4,1
2013/10/12 18:40,3238769.0,1
2013/10/12 18:45,3347327.8,1
2013/10/12 18:50,3104582.8,1
2013/10/12 18:55,3044250.2,1
2013/10/12 19:00,3441568.0,1
2013/10/12 19:05,3898819.6,1
2013/10/12 19:10,3327445.8,1
2013/10/12 19:15,3769617.8,1
2013/10/12 19:20,4145610.0,1
2013/10/12 19:25,4461434.6,1
2013/10/12 19:30,3386405.4,1
2013/10/12 19:35,7170114.6,1
2013/10/12 19:40,3835937.6,1
2013/10/12 19:45,3849577.0,1
2013/10/12 19:50,4728437.0,1
2013/10/12 19:55,3653101.4,1
2013/10/12 20:00,3423475.4,1
2013/10/12 20:05,3319426.2,1
2013/10/12 20:10,3426644.4,1
2013/10/12 20:15,3285794.4,1
2013/10/12 20:20,3850047.6,1
2013/10/12 20:25,3685854.4,1
2013/10/12 20:30,3379478.6,1
2013/10/12 20:35,3566683.4,1
2013/10/12 20:40,3590507.8,1
2013/10/12 20:45,3402758.4,1
2013/10/12 20:50,3548430.0,1
2013/10/12 20:55,3619610.4,1
2013/10/12 21:00,3748961.4,1
2013/10/12 21:05,3559610.4,1
2013/10/12 21:10,5178590.8,1
2013/10/12 21:15,6822890.4,1
2013/10/12 21:20,3652706.2,1
2013/10/12 21:25,3923214.0,1
2013/10/12 21:30,3458745.6,1
2013/10/12 21:35,4955067.8,1
2013/10/12 21:40,4262822.6,1
2013/10/12 21:45,3248786.2,1
2013/10/12 21:50,2712873.6,1
2013/10/12 21:55,4488676.8,1
2013/10/12 22:00,3780386.6,1
2013/10/12 22:05,3801917.8,1
2013/10/12 22:10,3410020.4,1
2013/10/12 22:15,4013800.2,1
2013/10/12 22:20,3837695.0,1
2013/10/12 22:25,3715738.8,1
2013/10/12 22:30,3156862.4,1
2013/10/12 22:35,3447375.0,1
2013/10/12 22:40,3909523.0,1
2013/10/12 22:45,4083487.2,1
2013/10/12 22:50,3410969.8,1
2013/10/12 22:55,3630547.6,1
2013/10/12 23:00,3579646.0,1
2013/10/12 23:05,3518559.0,1
2013/10/12 23:10,3615376.2,1
2013/10/12 23:15,3579870.0,1
2013/10/12 23:20,3914775.4,1
2013/10/12 23:25,3026430.0,1
2013/10/12 23:30,3681278.0,1
2013/10/12 23:35,3655270.0,1
2013/10/12 23:40,3117778.6,1
2013/10/12 23:45,3464887.8,1
2013/10/12 23:50,3490145.6,1
2013/10/12 23:55,3530907.4,1
2013/10/13 0:00,3536547.4,1
2013/10/13 0:05,3438769.8,1
2013/10/13 0:10,2592687.8,1
2013/10/13 0:15,1960360.2,1
2013/10/13 0:20,2025196.8,1
2013/10/13 0:25,1716619.8,1
2013/10/13 0:30,1789308.0,1
2013/10/13 0:35,1892481.0,1
2013/10/13 0:40,1726840.4,1
2013/10/13 0:45,1878791.8,1
2013/10/13 0:50,1792245.2,1
2013/10/13 0:55,1458174.2,1
2013/10/13 1:00,1740755.8,1
2013/10/13 1:05,1807006.8,1
2013/10/13 1:10,2307076.8,1
2013/10/13 1:15,3108940.6,1
2013/10/13 1:20,3450633.2,1
2013/10/13 1:25,3664786.4,1
2013/10/13 1:30,4118068.8,1
2013/10/13 1:35,4053222.6,1
2013/10/13 1:40,4201796.4,1
2013/10/13 1:45,4304214.2,1
2013/10/13 1:50,4524176.6,1
2013/10/13 1:55,4352175.4,1
2013/10/13 2:00,4193209.2,1
2013/10/13 2:05,4482098.2,1
2013/10/13 2:10,4644432.8,1
2013/10/13 2:15,4435991.6,1
2013/10/13 2:20,4417648.0,1
2013/10/13 2:25,4486779.6,1
2013/10/13 2:30,4538636.0,1
2013/10/13 2:35,4461462.4,1
2013/10/13 2:40,4468985.0,1
2013/10/13 2:45,4612245.8,1
2013/10/13 2:50,4484731.4,1
2013/10/13 2:55,4642155.2,1
2013/10/13 3:00,4893176.2,1
2013/10/13 3:05,5549813.8,1
2013/10/13 3:10,6179932.6,1
2013/10/13 3:15,5105403.4,1
2013/10/13 3:20,4451766.6,1
2013/10/13 3:25,4481147.0,1
2013/10/13 3:30,4694028.6,1
2013/10/13 3:35,4430812.4,1
2013/10/13 3:40,4501812.4,1
2013/10/13 3:45,4637840.2,1
2013/10/13 3:50,4893904.4,1
2013/10/13 3:55,4580558.0,1
2013/10/13 4:00,4631284.0,1
2013/10/13 4:05,4510029.8,1
2013/10/13 4:10,4531931.8,1
2013/10/13 4:15,4951073.2,1
2013/10/13 4:20,4744324.6,1
2013/10/13 4:25,4864875.0,1
2013/10/13 4:30,4681125.8,1
2013/10/13 4:35,4368098.8,1
2013/10/13 4:40,4687881.2,1
2013/10/13 4:45,5001344.0,1
2013/10/13 4:50,4618461.8,1
2013/10/13 4:55,4584497.4,1
2013/10/13 5:00,4755072.8,1
2013/10/13 5:05,4852368.4,1
2013/10/13 5:10,4795987.8,1
2013/10/13 5:15,4832927.0,1
2013/10/13 5:20,4690033.4,1
2013/10/13 5:25,4729095.2,1
2013/10/13 5:30,4726369.6,1
2013/10/13 5:35,4429855.8,1
2013/10/13 5:40,4617503.6,1
2013/10/13 5:45,4952628.8,1
2013/10/13 5:50,4256910.4,1
2013/10/13 5:55,4674205.4,1
2013/10/13 6:00,4440490.8,1
2013/10/13 6:05,4634800.4,1
2013/10/13 6:10,4207472.8,1
2013/10/13 6:15,4063905.4,0
2013/10/13 6:20,4231708.6,0
2013/10/13 6:25,4443433.0,0
2013/10/13 6:30,4569577.8,0
2013/10/13 6:35,4232463.6,0
2013/10/13 6:40,4530729.6,0
2013/10/13 6:45,5188727.4,0
2013/10/13 6:50,3816894.8,0
2013/10/13 6:55,4050048.6,0
2013/10/13 7:00,4632655.0,0
2013/10/13 7:05,4331165.4,0
2013/10/13 7:10,4256816.4,0
2013/10/13 7:15,4514565.0,0
2013/10/13 7:20,4231642.8,0
2013/10/13 7:25,3996057.0,0
2013/10/13 7:30,3821746.8,0
2013/10/13 7:35,3693434.8,0
2013/10/13 7:40,4069099.2,0
2013/10/13 7:45,4101726.8,0
2013/10/13 7:50,4205671.8,0
2013/10/13 7:55,3989263.6,0
2013/10/13 8:00,3828862.0,0
2013/10/13 8:05,3641686.6,0
2013/10/13 8:10,3324261.6,0
2013/10/13 8:15,3584599.2,0
2013/10/13 8:20,3401789.8,0
2013/10/13 8:25,3171775.2,0
2013/10/13 8:30,2938971.8,0
2013/10/13 8:35,2675676.2,0
2013/10/13 8:40,2022947.8,0
2013/10/13 8:45,2613405.8,0
2013/10/13 8:50,3074915.6,0
2013/10/13 8:55,3454406.6,0
2013/10/13 9:00,3953057.8,0
2013/10/13 9:05,4346876.8,0
2013/10/13 9:10,4690494.2,0
2013/10/13 9:15,4601621.2,0
2013/10/13 9:20,1482509.2,0
2013/10/13 9:25,4149789.2,0
2013/10/13 9:30,5092226.4,0
2013/10/13 9:35,4921400.8,0
2013/10/13 9:40,4510003.6,0
2013/10/13 9:45,4857760.2,1
2013/10/13 9:50,4635341.4,1
2013/10/13 9:55,4752849.6,1
2013/10/13 10:00,4600516.4,1
2013/10/13 10:05,4467507.0,1
2013/10/13 10:10,4600820.2,1
2013/10/13 10:15,4466740.6,1
2013/10/13 10:20,4816356.0,1
2013/10/13 10:25,4412821.2,1
2013/10/13 10:30,4289461.2,1
2013/10/13 10:35,4806912.6,1
2013/10/13 10:40,4540884.6,1
2013/10/13 10:45,3973230.6,1
2013/10/13 10:50,4151312.0,1
2013/10/13 10:55,4408599.0,1
2013/10/13 11:00,4412467.0,1
2013/10/13 11:05,4014711.6,1
2013/10/13 11:10,4455661.4,1
2013/10/13 11:15,4518165.4,1
2013/10/13 11:20,5219553.4,1
2013/10/13 11:25,4529007.2,1
2013/10/13 11:30,5014467.6,1
2013/10/13 11:35,5091716.8,1
2013/10/13 11:40,4955261.0,1
2013/10/13 11:45,5129745.6,1
2013/10/13 11:50,5522536.0,1
2013/10/13 11:55,5466070.0,1
2013/10/13 12:00,5181228.2,1
2013/10/13 12:05,4971070.0,1
2013/10/13 12:10,5417314.4,1
2013/10/13 12:15,5381120.2,1
2013/10/13 12:20,5648711.4,1
2013/10/13 12:25,5237271.0,1
2013/10/13 12:30,4567196.6,1
2013/10/13 12:35,5010997.6,0
2013/10/13 12:40,4802090.8,0
2013/10/13 12:45,5512044.2,0
2013/10/13 12:50,5365367.0,0
2013/10/13 12:55,5359112.8,0
2013/10/13 13:00,5206969.0,0
2013/10/13 13:05,5441836.6,0
2013/10/13 13:10,5013968.8,0
2013/10/13 13:15,5087288.8,0
2013/10/13 13:20,4889297.0,0
2013/10/13 13:25,5113966.2,0
2013/10/13 13:30,5380729.2,0
2013/10/13 13:35,5135762.4,0
2013/10/13 13:40,5726463.8,0
2013/10/13 13:45,5152678.4,0
2013/10/13 13:50,5179141.4,0
2013/10/13 13:55,5313273.6,0
2013/10/13 14:00,4990068.0,0
2013/10/13 14:05,5135694.0,0
2013/10/13 14:10,4809917.0,0
2013/10/13 14:15,4837499.4,0
2013/10/13 14:20,5081224.0,0
2013/10/13 14:25,4846339.2,0
2013/10/13 14:30,4988007.0,0
2013/10/13 14:35,4598591.4,0
2013/10/13 14:40,4467228.2,0
2013/10/13 14:45,4261252.8,0
2013/10/13 14:50,5263430.8,0
2013/10/13 14:55,4741242.8,0
2013/10/13 15:00,5268673.4,0
2013/10/13 15:05,6355621.0,0
2013/10/13 15:10,6548625.4,0
2013/10/13 15:15,5110530.8,0
2013/10/13 15:20,5345068.8,0
2013/10/13 15:25,4738408.8,0
2013/10/13 15:30,5107021.4,0
2013/10/13 15:35,5235458.4,0
2013/10/13 15:40,5233619.6,0
2013/10/13 15:45,5029582.0,0
2013/10/13 15:50,4514236.8,0
2013/10/13 15:55,4910708.8,0
2013/10/13 16:00,4712074.4,0
2013/10/13 16:05,5420857.4,0
2013/10/13 16:10,5476916.2,0
2013/10/13 16:15,5125320.0,0
2013/10/13 16:20,5001679.4,0
2013/10/13 16:25,4980771.6,0
2013/10/13 16:30,5543129.2,0
2013/10/13 16:35,5178798.4,0
2013/10/13 16:40,5374906.8,0
2013/10/13 16:45,4965761.2,0
2013/10/13 16:50,4625607.6,0
2013/10/13 16:55,5155595.2,0
2013/10/13 17:00,4758968.4,0
2013/10/13 17:05,4846633.6,0
2013/10/13 17:10,4966854.2,0
2013/10/13 17:15,4799362.0,0
2013/10/13 17:20,5217818.2,0
2013/10/13 17:25,4846504.6,0
2013/10/13 17:30,4857580.0,0
2013/10/13 17:35,5305944.2,0
2013/10/13 17:40,5216126.8,0
2013/10/13 17:45,5126791.6,0
2013/10/13 17:50,4716540.8,0
2013/10/13 17:55,5194275.2,0
2013/10/13 18:00,4594784.4,0
2013/10/13 18:05,5313192.6,0
2013/10/13 18:10,5349453.4,0
2013/10/13 18:15,5664016.0,0
2013/10/13 18:20,5165652.4,0
2013/10/13 18:25,5806009.2,0
2013/10/13 18:30,5725820.2,0
2013/10/13 18:35,5818352.0,0
2013/10/13 18:40,6039204.0,0
2013/10/13 18:45,6146104.8,0
2013/10/13 18:50,6520842.0,0
2013/10/13 18:55,6414160.0,0
2013/10/13 19:00,7121288.0,0
2013/10/13 19:05,7733993.2,0
2013/10/13 19:10,7171976.0,0
2013/10/13 19:15,6572442.0,0
2013/10/13 19:20,6669027.2,0
2013/10/13 19:25,6541002.6,0
2013/10/13 19:30,8036983.2,0
2013/10/13 19:35,6780480.0,0
2013/10/13 19:40,7105309.2,0
2013/10/13 19:45,6645670.6,0
2013/10/13 19:50,7129069.2,0
2013/10/13 19:55,6886046.6,0
2013/10/13 20:00,7070269.8,0
2013/10/13 20:05,7112211.8,0
2013/10/13 20:10,6736356.8,0
2013/10/13 20:15,6885695.2,0
2013/10/13 20:20,6829566.2,0
2013/10/13 20:25,6670142.6,0
2013/10/13 20:30,6989347.8,0
2013/10/13 20:35,7089460.2,0
2013/10/13 20:40,7126232.4,0
2013/10/13 20:45,7180348.2,0
2013/10/13 20:50,7251597.4,0
2013/10/13 20:55,7138828.0,0
2013/10/13 21:00,7358757.6,0
2013/10/13 21:05,6691074.8,0
2013/10/13 21:10,7419464.2,0
2013/10/13 21:15,7345692.4,0
2013/10/13 21:20,7106381.2,0
2013/10/13 21:25,7439340.8,0
2013/10/13 21:30,7148265.0,0
2013/10/13 21:35,7079349.4,0
2013/10/13 21:40,7313239.2,0
2013/10/13 21:45,7370054.2,0
2013/10/13 21:50,7146604.0,0
2013/10/13 21:55,7380294.8,0
2013/10/13 22:00,7444886.2,0
2013/10/13 22:05,6960113.0,0
2013/10/13 22:10,7776972.4,0
2013/10/13 22:15,7458856.0,0
2013/10/13 22:20,7193220.0,0
2013/10/13 22:25,7221732.4,0
2013/10/13 22:30,7683360.0,0
2013/10/13 22:35,7346899.6,0
2013/10/13 22:40,7728333.2,0
2013/10/13 22:45,6895594.8,0
2013/10/13 22:50,6637198.0,0
2013/10/13 22:55,7011225.4,0
2013/10/13 23:00,6560515.6,0
2013/10/13 23:05,6638822.6,0
2013/10/13 23:10,7921025.0,0
2013/10/13 23:15,8124689.4,0
2013/10/13 23:20,7346551.8,0
2013/10/13 23:25,8111561.6,0
2013/10/13 23:30,7575658.4,0
2013/10/13 23:35,7198625.2,0
2013/10/13 23:40,7964260.4,0
2013/10/13 23:45,7547664.0,0
2013/10/13 23:50,7988676.2,0
2013/10/13 23:55,7788122.6,0
