timestamp,kpi_value,anomaly_label
2014/4/1 0:00,0.0,0
2014/4/1 0:05,0.0,0
2014/4/1 0:10,0.0,0
2014/4/1 0:15,0.0,0
2014/4/1 0:20,0.0,0
2014/4/1 0:25,0.0,0
2014/4/1 0:30,0.0,0
2014/4/1 0:35,0.0,0
2014/4/1 0:40,0.0,0
2014/4/1 0:45,0.0,0
2014/4/1 0:50,0.0,0
2014/4/1 0:55,0.0,0
2014/4/1 1:00,0.0,0
2014/4/1 1:05,0.0,0
2014/4/1 1:10,0.0,0
2014/4/1 1:15,0.0,0
2014/4/1 1:20,0.0,0
2014/4/1 1:25,0.0,0
2014/4/1 1:30,0.0,0
2014/4/1 1:35,0.0,0
2014/4/1 1:40,0.0,0
2014/4/1 1:45,0.0,0
2014/4/1 1:50,0.0,0
2014/4/1 1:55,0.0,0
2014/4/1 2:00,0.0,0
2014/4/1 2:05,0.0,0
2014/4/1 2:10,0.0,0
2014/4/1 2:15,0.0,0
2014/4/1 2:20,0.0,0
2014/4/1 2:25,0.0,0
2014/4/1 2:30,0.0,0
2014/4/1 2:35,0.0,0
2014/4/1 2:40,0.0,0
2014/4/1 2:45,0.0,0
2014/4/1 2:50,0.0,0
2014/4/1 2:55,0.0,0
2014/4/1 3:00,0.0,0
2014/4/1 3:05,0.0,0
2014/4/1 3:10,0.0,0
2014/4/1 3:15,0.0,0
2014/4/1 3:20,0.0,0
2014/4/1 3:25,0.0,0
2014/4/1 3:30,0.0,0
2014/4/1 3:35,0.0,0
2014/4/1 3:40,0.0,0
2014/4/1 3:45,0.0,0
2014/4/1 3:50,0.0,0
2014/4/1 3:55,0.0,0
2014/4/1 4:00,0.0,0
2014/4/1 4:05,0.0,0
2014/4/1 4:10,0.0,0
2014/4/1 4:15,0.0,0
2014/4/1 4:20,0.0,0
2014/4/1 4:25,0.0,0
2014/4/1 4:30,0.0,0
2014/4/1 4:35,0.0,0
2014/4/1 4:40,0.0,0
2014/4/1 4:45,0.0,0
2014/4/1 4:50,0.0,0
2014/4/1 4:55,0.0,0
2014/4/1 5:00,0.0,0
2014/4/1 5:05,0.0,0
2014/4/1 5:10,0.0,0
2014/4/1 5:15,0.0,0
2014/4/1 5:20,0.0,0
2014/4/1 5:25,0.0,0
2014/4/1 5:30,0.0,0
2014/4/1 5:35,0.0,0
2014/4/1 5:40,0.0,0
2014/4/1 5:45,0.146559802,0
2014/4/1 5:50,0.154264464,0
2014/4/1 5:55,0.0,0
2014/4/1 6:00,0.0,0
2014/4/1 6:05,0.0,0
2014/4/1 6:10,0.0,0
2014/4/1 6:15,0.0,0
2014/4/1 6:20,0.0,0
2014/4/1 6:25,0.0,0
2014/4/1 6:30,0.0,0
2014/4/1 6:35,0.0,0
2014/4/1 6:40,0.0,0
2014/4/1 6:45,0.0,0
2014/4/1 6:50,0.0,0
2014/4/1 6:55,0.0,0
2014/4/1 7:00,0.0,0
2014/4/1 7:05,0.0,0
2014/4/1 7:10,0.0,0
2014/4/1 7:15,0.0,0
2014/4/1 7:20,0.0,0
2014/4/1 7:25,0.0,0
2014/4/1 7:30,0.0,0
2014/4/1 7:35,0.0,0
2014/4/1 7:40,0.0,0
2014/4/1 7:45,0.0,0
2014/4/1 7:50,0.0,0
2014/4/1 7:55,0.0,0
2014/4/1 8:00,0.0,0
2014/4/1 8:05,0.0,0
2014/4/1 8:10,0.249211629,0
2014/4/1 8:15,0.225824439,0
2014/4/1 8:20,0.0,0
2014/4/1 8:25,0.0,0
2014/4/1 8:30,0.0,0
2014/4/1 8:35,0.0,0
2014/4/1 8:40,0.0,0
2014/4/1 8:45,0.0,0
2014/4/1 8:50,0.0,0
2014/4/1 8:55,0.0,0
2014/4/1 9:00,0.0,0
2014/4/1 9:05,0.0,0
2014/4/1 9:10,0.0,0
2014/4/1 9:15,0.0,0
2014/4/1 9:20,0.0,0
2014/4/1 9:25,0.0,0
2014/4/1 9:30,0.0,0
2014/4/1 9:35,0.0,0
2014/4/1 9:40,0.0,0
2014/4/1 9:45,0.0,0
2014/4/1 9:50,0.0,0
2014/4/1 9:55,0.0,0
2014/4/1 10:00,0.0,0
2014/4/1 10:05,0.0,0
2014/4/1 10:10,0.0,0
2014/4/1 10:15,0.0,0
2014/4/1 10:20,0.0,0
2014/4/1 10:25,0.0,0
2014/4/1 10:30,0.0,0
2014/4/1 10:35,0.0,0
2014/4/1 10:40,0.0,0
2014/4/1 10:45,0.0,0
2014/4/1 10:50,0.0,0
2014/4/1 10:55,0.0,0
2014/4/1 11:00,0.0,0
2014/4/1 11:05,0.0,0
2014/4/1 11:10,0.0,0
2014/4/1 11:15,0.0,0
2014/4/1 11:20,0.0,0
2014/4/1 11:25,0.0,0
2014/4/1 11:30,0.0,0
2014/4/1 11:35,0.0,0
2014/4/1 11:40,0.0,0
2014/4/1 11:45,0.0,0
2014/4/1 11:50,0.0,0
2014/4/1 11:55,0.0,0
2014/4/1 12:00,0.0,0
2014/4/1 12:05,0.0,0
2014/4/1 12:10,0.0,0
2014/4/1 12:15,0.0,0
2014/4/1 12:20,0.0,0
2014/4/1 12:25,0.0,0
2014/4/1 12:30,0.0,0
2014/4/1 12:35,0.0,0
2014/4/1 12:40,0.0,0
2014/4/1 12:45,0.0,0
2014/4/1 12:50,0.128654125,0
2014/4/1 12:55,0.159083326,0
2014/4/1 13:00,0.0,0
2014/4/1 13:05,0.0,0
2014/4/1 13:10,0.0,0
2014/4/1 13:15,0.0,0
2014/4/1 13:20,0.0,0
2014/4/1 13:25,0.0,0
2014/4/1 13:30,0.0,0
2014/4/1 13:35,0.0,0
2014/4/1 13:40,0.0,0
2014/4/1 13:45,0.0,0
2014/4/1 13:50,0.0,0
2014/4/1 13:55,0.0,0
2014/4/1 14:00,0.0,0
2014/4/1 14:05,0.0,0
2014/4/1 14:10,0.0,0
2014/4/1 14:15,0.0,0
2014/4/1 14:20,0.0,0
2014/4/1 14:25,0.0,0
2014/4/1 14:30,0.0,0
2014/4/1 14:35,0.0,0
2014/4/1 14:40,0.0,0
2014/4/1 14:45,0.0,0
2014/4/1 14:50,0.0,0
2014/4/1 14:55,0.0,0
2014/4/1 15:00,2.651633501,0
2014/4/1 15:05,1.257739735,0
2014/4/1 15:10,0.0,0
2014/4/1 15:15,0.245913576,0
2014/4/1 15:20,0.298003258,0
2014/4/1 15:25,0.0,0
2014/4/1 15:30,0.0,0
2014/4/1 15:35,0.0,0
2014/4/1 15:40,0.0,0
2014/4/1 15:45,0.0,0
2014/4/1 15:50,0.0,0
2014/4/1 15:55,0.0,0
2014/4/1 16:00,0.0,0
2014/4/1 16:05,0.0,0
2014/4/1 16:10,0.0,0
2014/4/1 16:15,0.0,0
2014/4/1 16:20,0.0,0
2014/4/1 16:25,0.0,0
2014/4/1 16:30,0.0,0
2014/4/1 16:35,0.0,0
2014/4/1 16:40,0.0,0
2014/4/1 16:45,0.0,0
2014/4/1 16:50,0.0,0
2014/4/1 16:55,0.0,0
2014/4/1 17:00,0.0,0
2014/4/1 17:05,0.0,0
2014/4/1 17:10,0.0,0
2014/4/1 17:15,0.0,0
2014/4/1 17:20,0.0,0
2014/4/1 17:25,0.0,0
2014/4/1 17:30,0.0,0
2014/4/1 17:35,0.0,0
2014/4/1 17:40,0.0,0
2014/4/1 17:45,0.0,0
2014/4/1 17:50,1.670237709,0
2014/4/1 17:55,2.487016513,0
2014/4/1 18:00,0.0,0
2014/4/1 18:05,0.0,0
2014/4/1 18:10,0.0,0
2014/4/1 18:15,0.0,0
2014/4/1 18:20,0.0,0
2014/4/1 18:25,0.0,0
2014/4/1 18:30,0.0,0
2014/4/1 18:35,0.0,0
2014/4/1 18:40,0.0,0
2014/4/1 18:45,0.0,0
2014/4/1 18:50,0.0,0
2014/4/1 18:55,0.0,0
2014/4/1 19:00,0.0,0
2014/4/1 19:05,0.0,0
2014/4/1 19:10,1.321519792,0
2014/4/1 19:15,2.635934048,0
2014/4/1 19:20,0.0,0
2014/4/1 19:25,0.0,0
2014/4/1 19:30,0.0,0
2014/4/1 19:35,0.0,0
2014/4/1 19:40,0.0,0
2014/4/1 19:45,0.0,0
2014/4/1 19:50,0.0,0
2014/4/1 19:55,0.249261809,0
2014/4/1 20:00,0.263340085,0
2014/4/1 20:05,0.224014562,0
2014/4/1 20:10,0.0,0
2014/4/1 20:15,0.0,0
2014/4/1 20:20,0.0,0
2014/4/1 20:25,0.0,0
2014/4/1 20:30,0.0,0
2014/4/1 20:35,0.0,0
2014/4/1 20:40,0.0,0
2014/4/1 20:45,0.0,0
2014/4/1 20:50,0.0,0
2014/4/1 20:55,0.0,0
2014/4/1 21:00,0.0,0
2014/4/1 21:05,0.0,0
2014/4/1 21:10,0.0,0
2014/4/1 21:15,0.0,0
2014/4/1 21:20,0.0,0
2014/4/1 21:25,0.0,0
2014/4/1 21:30,0.0,0
2014/4/1 21:35,0.0,0
2014/4/1 21:40,0.0,0
2014/4/1 21:45,0.531849934,0
2014/4/1 21:50,0.485481653,0
2014/4/1 21:55,0.0,0
2014/4/1 22:00,0.0,0
2014/4/1 22:05,0.0,0
2014/4/1 22:10,0.0,0
2014/4/1 22:15,0.0,0
2014/4/1 22:20,0.0,0
2014/4/1 22:25,0.0,0
2014/4/1 22:30,0.0,0
2014/4/1 22:35,0.0,0
2014/4/1 22:40,0.0,0
2014/4/1 22:45,0.0,0
2014/4/1 22:50,0.0,0
2014/4/1 22:55,0.0,0
2014/4/1 23:00,0.0,0
2014/4/1 23:05,0.0,0
2014/4/1 23:10,0.0,0
2014/4/1 23:15,0.0,0
2014/4/1 23:20,0.0,0
2014/4/1 23:25,0.0,0
2014/4/1 23:30,0.0,0
2014/4/1 23:35,0.0,0
2014/4/1 23:40,0.0,0
2014/4/1 23:45,0.0,0
2014/4/1 23:50,0.0,0
2014/4/1 23:55,0.0,0
2014/4/2 0:00,0.0,0
2014/4/2 0:05,0.0,0
2014/4/2 0:10,0.0,0
2014/4/2 0:15,0.0,0
2014/4/2 0:20,0.0,0
2014/4/2 0:25,0.186890498,0
2014/4/2 0:30,0.157060975,0
2014/4/2 0:35,0.0,0
2014/4/2 0:40,0.0,0
2014/4/2 0:45,0.0,0
2014/4/2 0:50,0.0,0
2014/4/2 0:55,0.0,0
2014/4/2 1:00,0.0,0
2014/4/2 1:05,0.0,0
2014/4/2 1:10,0.0,0
2014/4/2 1:15,0.0,0
2014/4/2 1:20,0.0,0
2014/4/2 1:25,0.0,0
2014/4/2 1:30,0.0,0
2014/4/2 1:35,0.0,0
2014/4/2 1:40,0.0,0
2014/4/2 1:45,0.0,0
2014/4/2 1:50,0.0,0
2014/4/2 1:55,0.0,0
2014/4/2 2:00,0.0,0
2014/4/2 2:05,0.0,0
2014/4/2 2:10,0.0,0
2014/4/2 2:15,0.0,0
2014/4/2 2:20,0.0,0
2014/4/2 2:25,0.0,0
2014/4/2 2:30,0.0,0
2014/4/2 2:35,0.0,0
2014/4/2 2:40,0.0,0
2014/4/2 2:45,0.0,0
2014/4/2 2:50,0.0,0
2014/4/2 2:55,0.0,0
2014/4/2 3:00,0.0,0
2014/4/2 3:05,0.0,0
2014/4/2 3:10,0.0,0
2014/4/2 3:15,0.0,0
2014/4/2 3:20,0.0,0
2014/4/2 3:25,0.0,0
2014/4/2 3:30,0.0,0
2014/4/2 3:35,0.103038706,0
2014/4/2 3:40,0.19309487,0
2014/4/2 3:45,0.0,0
2014/4/2 3:50,0.0,0
2014/4/2 3:55,0.0,0
2014/4/2 4:00,0.0,0
2014/4/2 4:05,0.0,0
2014/4/2 4:10,0.0,0
2014/4/2 4:15,0.0,0
2014/4/2 4:20,0.0,0
2014/4/2 4:25,0.0,0
2014/4/2 4:30,0.0,0
2014/4/2 4:35,0.0,0
2014/4/2 4:40,0.0,0
2014/4/2 4:45,0.0,0
2014/4/2 4:50,0.0,0
2014/4/2 4:55,0.0,0
2014/4/2 5:00,0.0,0
2014/4/2 5:05,0.0,0
2014/4/2 5:10,0.168952675,0
2014/4/2 5:15,0.167651339,0
2014/4/2 5:20,0.0,0
2014/4/2 5:25,0.0,0
2014/4/2 5:30,0.0,0
2014/4/2 5:35,0.0,0
2014/4/2 5:40,0.0,0
2014/4/2 5:45,0.0,0
2014/4/2 5:50,0.0,0
2014/4/2 5:55,0.0,0
2014/4/2 6:00,0.0,0
2014/4/2 6:05,0.0,0
2014/4/2 6:10,0.0,0
2014/4/2 6:15,0.0,0
2014/4/2 6:20,0.0,0
2014/4/2 6:25,0.0,0
2014/4/2 6:30,0.0,0
2014/4/2 6:35,0.0,0
2014/4/2 6:40,0.0,0
2014/4/2 6:45,0.0,0
2014/4/2 6:50,0.0,0
2014/4/2 6:55,0.0,0
2014/4/2 7:00,0.0,0
2014/4/2 7:05,0.0,0
2014/4/2 7:10,0.0,0
2014/4/2 7:15,0.0,0
2014/4/2 7:20,0.0,0
2014/4/2 7:25,0.0,0
2014/4/2 7:30,0.0,0
2014/4/2 7:35,0.0,0
2014/4/2 7:40,0.0,0
2014/4/2 7:45,0.0,0
2014/4/2 7:50,0.0,0
2014/4/2 7:55,0.0,0
2014/4/2 8:00,0.0,0
2014/4/2 8:05,0.0,0
2014/4/2 8:10,0.0,0
2014/4/2 8:15,0.0,0
2014/4/2 8:20,0.0,0
2014/4/2 8:25,0.0,0
2014/4/2 8:30,0.0,0
2014/4/2 8:35,0.0,0
2014/4/2 8:40,0.0,0
2014/4/2 8:45,0.0,0
2014/4/2 8:50,0.0,0
2014/4/2 8:55,0.0,0
2014/4/2 9:00,0.0,0
2014/4/2 9:05,0.0,0
2014/4/2 9:10,0.0,0
2014/4/2 9:15,0.121567515,0
2014/4/2 9:20,0.165888547,0
2014/4/2 9:25,0.0,0
2014/4/2 9:30,0.0,0
2014/4/2 9:35,0.0,0
2014/4/2 9:40,0.0,0
2014/4/2 9:45,0.0,0
2014/4/2 9:50,0.0,0
2014/4/2 9:55,0.0,0
2014/4/2 10:00,0.0,0
2014/4/2 10:05,0.0,0
2014/4/2 10:10,0.0,0
2014/4/2 10:15,0.0,0
2014/4/2 10:20,0.0,0
2014/4/2 10:25,0.592872206,0
2014/4/2 10:30,0.621059403,0
2014/4/2 10:35,0.0,0
2014/4/2 10:40,0.0,0
2014/4/2 10:45,0.0,0
2014/4/2 10:50,0.0,0
2014/4/2 10:55,0.0,0
2014/4/2 11:00,0.0,0
2014/4/2 11:05,0.0,0
2014/4/2 11:10,0.0,0
2014/4/2 11:15,0.0,0
2014/4/2 11:20,0.0,0
2014/4/2 11:25,0.0,0
2014/4/2 11:30,0.0,0
2014/4/2 11:35,0.0,0
2014/4/2 11:40,0.0,0
2014/4/2 11:45,0.0,0
2014/4/2 11:50,0.0,0
2014/4/2 11:55,0.0,0
2014/4/2 12:00,0.0,0
2014/4/2 12:05,0.0,0
2014/4/2 12:10,0.0,0
2014/4/2 12:15,0.0,0
2014/4/2 12:20,0.333154908,0
2014/4/2 12:25,0.489139629,0
2014/4/2 12:30,0.297587376,0
2014/4/2 12:35,0.280153711,0
2014/4/2 12:40,0.0,0
2014/4/2 12:45,0.0,0
2014/4/2 12:50,0.0,0
2014/4/2 12:55,0.0,0
2014/4/2 13:00,0.0,0
2014/4/2 13:05,0.0,0
2014/4/2 13:10,0.0,0
2014/4/2 13:15,0.0,0
2014/4/2 13:20,0.0,0
2014/4/2 13:25,0.0,0
2014/4/2 13:30,0.0,0
2014/4/2 13:35,0.0,0
2014/4/2 13:40,0.0,0
2014/4/2 13:45,0.0,0
2014/4/2 13:50,0.0,0
2014/4/2 13:55,0.139386441,0
2014/4/2 14:00,0.165123298,0
2014/4/2 14:05,0.0,0
2014/4/2 14:10,0.0,0
2014/4/2 14:15,0.0,0
2014/4/2 14:20,0.295957664,0
2014/4/2 14:25,0.248785404,0
2014/4/2 14:30,0.0,0
2014/4/2 14:35,0.0,0
2014/4/2 14:40,0.0,0
2014/4/2 14:45,0.0,0
2014/4/2 14:50,0.0,0
2014/4/2 14:55,0.0,0
2014/4/2 15:00,0.0,0
2014/4/2 15:05,0.0,0
2014/4/2 15:10,0.110659303,0
2014/4/2 15:15,0.16578453099999998,0
2014/4/2 15:20,0.0,0
2014/4/2 15:25,0.0,0
2014/4/2 15:30,0.0,0
2014/4/2 15:35,1.160360028,0
2014/4/2 15:40,1.709542584,0
2014/4/2 15:45,0.0,0
2014/4/2 15:50,0.469995074,0
2014/4/2 15:55,0.433804468,0
2014/4/2 16:00,0.0,0
2014/4/2 16:05,0.0,0
2014/4/2 16:10,0.0,0
2014/4/2 16:15,0.0,0
2014/4/2 16:20,0.0,0
2014/4/2 16:25,0.0,0
2014/4/2 16:30,0.21097362,0
2014/4/2 16:35,0.254795949,0
2014/4/2 16:40,0.0,0
2014/4/2 16:45,0.0,0
2014/4/2 16:50,0.0,0
2014/4/2 16:55,0.0,0
2014/4/2 17:00,0.0,0
2014/4/2 17:05,0.0,0
2014/4/2 17:10,0.0,0
2014/4/2 17:15,0.0,0
2014/4/2 17:20,0.0,0
2014/4/2 17:25,0.0,0
2014/4/2 17:30,0.0,0
2014/4/2 17:35,0.0,0
2014/4/2 17:40,0.0,0
2014/4/2 17:45,0.0,0
2014/4/2 17:50,0.0,0
2014/4/2 17:55,0.0,0
2014/4/2 18:00,0.0,0
2014/4/2 18:05,0.0,0
2014/4/2 18:10,0.0,0
2014/4/2 18:15,0.0,0
2014/4/2 18:20,0.0,0
2014/4/2 18:25,0.0,0
2014/4/2 18:30,0.0,0
2014/4/2 18:35,0.0,0
2014/4/2 18:40,0.0,0
2014/4/2 18:45,0.0,0
2014/4/2 18:50,0.0,0
2014/4/2 18:55,0.0,0
2014/4/2 19:00,0.0,0
2014/4/2 19:05,0.0,0
2014/4/2 19:10,0.0,0
2014/4/2 19:15,0.0,0
2014/4/2 19:20,0.0,0
2014/4/2 19:25,0.0,0
2014/4/2 19:30,0.0,0
2014/4/2 19:35,0.0,0
2014/4/2 19:40,0.0,0
2014/4/2 19:45,0.0,0
2014/4/2 19:50,0.0,0
2014/4/2 19:55,0.0,0
2014/4/2 20:00,0.0,0
2014/4/2 20:05,0.0,0
2014/4/2 20:10,0.0,0
2014/4/2 20:15,0.0,0
2014/4/2 20:20,0.0,0
2014/4/2 20:25,0.0,0
2014/4/2 20:30,0.0,0
2014/4/2 20:35,0.0,0
2014/4/2 20:40,0.0,0
2014/4/2 20:45,0.245437734,0
2014/4/2 20:50,0.284435708,0
2014/4/2 20:55,0.0,0
2014/4/2 21:00,0.0,0
2014/4/2 21:05,0.0,0
2014/4/2 21:10,0.0,0
2014/4/2 21:15,0.0,0
2014/4/2 21:20,0.0,0
2014/4/2 21:25,0.0,0
2014/4/2 21:30,3.083392796,0
2014/4/2 21:35,2.441966497,0
2014/4/2 21:40,0.0,0
2014/4/2 21:45,0.209808258,0
2014/4/2 21:50,0.248824114,0
2014/4/2 21:55,0.0,0
2014/4/2 22:00,0.0,0
2014/4/2 22:05,0.0,0
2014/4/2 22:10,0.0,0
2014/4/2 22:15,0.0,0
2014/4/2 22:20,0.0,0
2014/4/2 22:25,0.0,0
2014/4/2 22:30,0.0,0
2014/4/2 22:35,0.0,0
2014/4/2 22:40,0.0,0
2014/4/2 22:45,0.0,0
2014/4/2 22:50,0.0,0
2014/4/2 22:55,0.0,0
2014/4/2 23:00,0.0,0
2014/4/2 23:05,0.0,0
2014/4/2 23:10,0.0,0
2014/4/2 23:15,0.0,0
2014/4/2 23:20,0.0,0
2014/4/2 23:25,0.0,0
2014/4/2 23:30,0.0,0
2014/4/2 23:35,0.0,0
2014/4/2 23:40,0.0,0
2014/4/2 23:45,0.0,0
2014/4/2 23:50,0.0,0
2014/4/2 23:55,0.0,0
2014/4/3 0:00,0.0,0
2014/4/3 0:05,0.0,0
2014/4/3 0:10,0.0,0
2014/4/3 0:15,0.0,0
2014/4/3 0:20,0.0,0
2014/4/3 0:25,0.0,0
2014/4/3 0:30,0.0,0
2014/4/3 0:35,0.0,0
2014/4/3 0:40,0.0,0
2014/4/3 0:45,0.0,0
2014/4/3 0:50,0.0,0
2014/4/3 0:55,0.0,0
2014/4/3 1:00,0.0,0
2014/4/3 1:05,0.0,0
2014/4/3 1:10,0.0,0
2014/4/3 1:15,0.0,0
2014/4/3 1:20,0.0,0
2014/4/3 1:25,0.0,0
2014/4/3 1:30,0.0,0
2014/4/3 1:35,0.0,0
2014/4/3 1:40,0.0,0
2014/4/3 1:45,0.0,0
2014/4/3 1:50,0.0,0
2014/4/3 1:55,0.0,0
2014/4/3 2:00,0.0,0
2014/4/3 2:05,0.0,0
2014/4/3 2:10,0.0,0
2014/4/3 2:15,0.0,0
2014/4/3 2:20,0.0,0
2014/4/3 2:25,0.0,0
2014/4/3 2:30,0.0,0
2014/4/3 2:35,0.0,0
2014/4/3 2:40,0.0,0
2014/4/3 2:45,0.0,0
2014/4/3 2:50,0.0,0
2014/4/3 2:55,0.0,0
2014/4/3 3:00,0.0,0
2014/4/3 3:05,0.0,0
2014/4/3 3:10,0.0,0
2014/4/3 3:15,0.0,0
2014/4/3 3:20,0.0,0
2014/4/3 3:25,0.0,0
2014/4/3 3:30,0.0,0
2014/4/3 3:35,0.0,0
2014/4/3 3:40,0.0,0
2014/4/3 3:45,0.0,0
2014/4/3 3:50,0.0,0
2014/4/3 3:55,0.0,0
2014/4/3 4:00,0.0,0
2014/4/3 4:05,0.0,0
2014/4/3 4:10,0.0,0
2014/4/3 4:15,0.0,0
2014/4/3 4:20,0.0,0
2014/4/3 4:25,0.0,0
2014/4/3 4:30,0.0,0
2014/4/3 4:35,0.0,0
2014/4/3 4:40,0.0,0
2014/4/3 4:45,0.0,0
2014/4/3 4:50,0.0,0
2014/4/3 4:55,0.0,0
2014/4/3 5:00,0.0,0
2014/4/3 5:05,0.0,0
2014/4/3 5:10,0.100436327,0
2014/4/3 5:15,0.116695309,0
2014/4/3 5:20,0.0,0
2014/4/3 5:25,0.0,0
2014/4/3 5:30,0.0,0
2014/4/3 5:35,0.0,0
2014/4/3 5:40,0.0,0
2014/4/3 5:45,0.0,0
2014/4/3 5:50,0.0,0
2014/4/3 5:55,0.0,0
2014/4/3 6:00,0.0,0
2014/4/3 6:05,0.0,0
2014/4/3 6:10,0.0,0
2014/4/3 6:15,0.0,0
2014/4/3 6:20,0.0,0
2014/4/3 6:25,0.0,0
2014/4/3 6:30,0.0,0
2014/4/3 6:35,2.694775861,0
2014/4/3 6:40,1.124788137,0
2014/4/3 6:45,0.0,0
2014/4/3 6:50,0.0,0
2014/4/3 6:55,0.0,0
2014/4/3 7:00,0.0,0
2014/4/3 7:05,0.0,0
2014/4/3 7:10,0.171304605,0
2014/4/3 7:15,0.166638541,0
2014/4/3 7:20,0.0,0
2014/4/3 7:25,0.0,0
2014/4/3 7:30,0.0,0
2014/4/3 7:35,0.0,0
2014/4/3 7:40,0.259063783,0
2014/4/3 7:45,0.266101425,0
2014/4/3 7:50,0.0,0
2014/4/3 7:55,0.0,0
2014/4/3 8:00,0.0,0
2014/4/3 8:05,0.0,0
2014/4/3 8:10,0.0,0
2014/4/3 8:15,0.0,0
2014/4/3 8:20,0.0,0
2014/4/3 8:25,0.0,0
2014/4/3 8:30,0.0,0
2014/4/3 8:35,0.0,0
2014/4/3 8:40,0.0,0
2014/4/3 8:45,0.0,0
2014/4/3 8:50,0.0,0
2014/4/3 8:55,0.0,0
2014/4/3 9:00,0.0,0
2014/4/3 9:05,0.0,0
2014/4/3 9:10,0.0,0
2014/4/3 9:15,0.0,0
2014/4/3 9:20,0.0,0
2014/4/3 9:25,0.0,0
2014/4/3 9:30,0.196604751,0
2014/4/3 9:35,0.176103779,0
2014/4/3 9:40,0.0,0
2014/4/3 9:45,0.0,0
2014/4/3 9:50,0.0,0
2014/4/3 9:55,0.0,0
2014/4/3 10:00,0.0,0
2014/4/3 10:05,0.0,0
2014/4/3 10:10,0.0,0
2014/4/3 10:15,0.0,0
2014/4/3 10:20,0.0,0
2014/4/3 10:25,0.0,0
2014/4/3 10:30,0.0,0
2014/4/3 10:35,0.0,0
2014/4/3 10:40,0.0,0
2014/4/3 10:45,0.0,0
2014/4/3 10:50,0.0,0
2014/4/3 10:55,0.0,0
2014/4/3 11:00,0.0,0
2014/4/3 11:05,0.0,0
2014/4/3 11:10,0.0,0
2014/4/3 11:15,0.0,0
2014/4/3 11:20,0.0,0
2014/4/3 11:25,0.0,0
2014/4/3 11:30,0.0,0
2014/4/3 11:35,0.195077271,0
2014/4/3 11:40,0.17025405,0
2014/4/3 11:45,0.0,0
2014/4/3 11:50,0.0,0
2014/4/3 11:55,0.0,0
2014/4/3 12:00,0.0,0
2014/4/3 12:05,0.207845582,0
2014/4/3 12:10,0.254449696,0
2014/4/3 12:15,0.0,0
2014/4/3 12:20,0.0,0
2014/4/3 12:25,0.0,0
2014/4/3 12:30,0.0,0
2014/4/3 12:35,0.0,0
2014/4/3 12:40,0.129805221,0
2014/4/3 12:45,0.110536492,0
2014/4/3 12:50,0.0,0
2014/4/3 12:55,0.0,0
2014/4/3 13:00,0.0,0
2014/4/3 13:05,0.0,0
2014/4/3 13:10,0.0,0
2014/4/3 13:15,0.0,0
2014/4/3 13:20,0.0,0
2014/4/3 13:25,0.0,0
2014/4/3 13:30,0.0,0
2014/4/3 13:35,0.0,0
2014/4/3 13:40,0.0,0
2014/4/3 13:45,0.0,0
2014/4/3 13:50,0.0,0
2014/4/3 13:55,0.0,0
2014/4/3 14:00,0.0,0
2014/4/3 14:05,0.0,0
2014/4/3 14:10,0.0,0
2014/4/3 14:15,0.0,0
2014/4/3 14:20,0.0,0
2014/4/3 14:25,1.6705581000000005,0
2014/4/3 14:30,1.134033076,0
2014/4/3 14:35,0.0,0
2014/4/3 14:40,0.0,0
2014/4/3 14:45,0.0,0
2014/4/3 14:50,0.0,0
2014/4/3 14:55,0.0,0
2014/4/3 15:00,2.950686267,0
2014/4/3 15:05,2.633947815,0
2014/4/3 15:10,0.0,0
2014/4/3 15:15,0.17818238600000005,0
2014/4/3 15:20,0.164414922,0
2014/4/3 15:25,2.705094843,0
2014/4/3 15:30,2.875930463,0
2014/4/3 15:35,0.0,0
2014/4/3 15:40,0.0,0
2014/4/3 15:45,0.0,0
2014/4/3 15:50,0.0,0
2014/4/3 15:55,0.0,0
2014/4/3 16:00,0.270932083,0
2014/4/3 16:05,0.21673213,0
2014/4/3 16:10,0.0,0
2014/4/3 16:15,0.0,0
2014/4/3 16:20,0.0,0
2014/4/3 16:25,0.0,0
2014/4/3 16:30,0.0,0
2014/4/3 16:35,0.0,0
2014/4/3 16:40,0.0,0
2014/4/3 16:45,0.0,0
2014/4/3 16:50,0.0,0
2014/4/3 16:55,0.0,0
2014/4/3 17:00,0.0,0
2014/4/3 17:05,0.0,0
2014/4/3 17:10,0.0,0
2014/4/3 17:15,0.0,0
2014/4/3 17:20,0.0,0
2014/4/3 17:25,1.170206972,0
2014/4/3 17:30,1.771195185,0
2014/4/3 17:35,0.0,0
2014/4/3 17:40,0.0,0
2014/4/3 17:45,0.0,0
2014/4/3 17:50,0.0,0
2014/4/3 17:55,0.0,0
2014/4/3 18:00,0.0,0
2014/4/3 18:05,0.0,0
2014/4/3 18:10,0.0,0
2014/4/3 18:15,0.0,0
2014/4/3 18:20,0.0,0
2014/4/3 18:25,1.142069778,0
2014/4/3 18:30,1.4215862030000002,0
2014/4/3 18:35,0.0,0
2014/4/3 18:40,0.0,0
2014/4/3 18:45,0.0,0
2014/4/3 18:50,0.0,0
2014/4/3 18:55,0.0,0
2014/4/3 19:00,0.0,0
2014/4/3 19:05,0.0,0
2014/4/3 19:10,0.0,0
2014/4/3 19:15,0.0,0
2014/4/3 19:20,0.0,0
2014/4/3 19:25,0.0,0
2014/4/3 19:30,0.0,0
2014/4/3 19:35,0.0,0
2014/4/3 19:40,0.0,0
2014/4/3 19:45,0.0,0
2014/4/3 19:50,0.0,0
2014/4/3 19:55,0.0,0
2014/4/3 20:00,0.0,0
2014/4/3 20:05,0.0,0
2014/4/3 20:10,0.0,0
2014/4/3 20:15,0.0,0
2014/4/3 20:20,0.0,0
2014/4/3 20:25,0.0,0
2014/4/3 20:30,0.0,0
2014/4/3 20:35,0.0,0
2014/4/3 20:40,0.0,0
2014/4/3 20:45,0.0,0
2014/4/3 20:50,0.0,0
2014/4/3 20:55,0.0,0
2014/4/3 21:00,0.0,0
2014/4/3 21:05,0.0,0
2014/4/3 21:10,0.0,0
2014/4/3 21:15,0.0,0
2014/4/3 21:20,0.0,0
2014/4/3 21:25,0.0,0
2014/4/3 21:30,0.0,0
2014/4/3 21:35,0.0,0
2014/4/3 21:40,0.0,0
2014/4/3 21:45,0.0,0
2014/4/3 21:50,0.0,0
2014/4/3 21:55,0.0,0
2014/4/3 22:00,0.0,0
2014/4/3 22:05,0.0,0
2014/4/3 22:10,0.0,0
2014/4/3 22:15,0.0,0
2014/4/3 22:20,0.0,0
2014/4/3 22:25,0.0,0
2014/4/3 22:30,0.0,0
2014/4/3 22:35,0.0,0
2014/4/3 22:40,0.0,0
2014/4/3 22:45,0.0,0
2014/4/3 22:50,0.0,0
2014/4/3 22:55,0.0,0
2014/4/3 23:00,0.0,0
2014/4/3 23:05,0.0,0
2014/4/3 23:10,0.0,0
2014/4/3 23:15,0.0,0
2014/4/3 23:20,1.458731554,0
2014/4/3 23:25,1.938214422,0
2014/4/3 23:30,0.0,0
2014/4/3 23:35,0.0,0
2014/4/3 23:40,0.0,0
2014/4/3 23:45,0.0,0
2014/4/3 23:50,0.0,0
2014/4/3 23:55,0.0,0
2014/4/4 0:00,0.0,0
2014/4/4 0:05,0.0,0
2014/4/4 0:10,0.0,0
2014/4/4 0:15,0.0,0
2014/4/4 0:20,0.0,0
2014/4/4 0:25,0.0,0
2014/4/4 0:30,0.0,0
2014/4/4 0:35,0.0,0
2014/4/4 0:40,0.0,0
2014/4/4 0:45,0.0,0
2014/4/4 0:50,0.0,0
2014/4/4 0:55,0.0,0
2014/4/4 1:00,0.0,0
2014/4/4 1:05,0.0,0
2014/4/4 1:10,0.0,0
2014/4/4 1:15,0.0,0
2014/4/4 1:20,0.0,0
2014/4/4 1:25,0.0,0
2014/4/4 1:30,0.0,0
2014/4/4 1:35,0.0,0
2014/4/4 1:40,0.0,0
2014/4/4 1:45,0.0,0
2014/4/4 1:50,0.0,0
2014/4/4 1:55,0.0,0
2014/4/4 2:00,0.0,0
2014/4/4 2:05,0.0,0
2014/4/4 2:10,0.0,0
2014/4/4 2:15,0.0,0
2014/4/4 2:20,0.0,0
2014/4/4 2:25,0.0,0
2014/4/4 2:30,0.0,0
2014/4/4 2:35,0.0,0
2014/4/4 2:40,0.0,0
2014/4/4 2:45,0.0,0
2014/4/4 2:50,0.0,0
2014/4/4 2:55,0.0,0
2014/4/4 3:00,0.0,0
2014/4/4 3:05,0.0,0
2014/4/4 3:10,1.278508142,0
2014/4/4 3:15,1.021430595,0
2014/4/4 3:20,0.0,0
2014/4/4 3:25,0.0,0
2014/4/4 3:30,0.0,0
2014/4/4 3:35,0.0,0
2014/4/4 3:40,0.0,0
2014/4/4 3:45,0.0,0
2014/4/4 3:50,0.0,0
2014/4/4 3:55,0.0,0
2014/4/4 4:00,0.0,0
2014/4/4 4:05,0.0,0
2014/4/4 4:10,0.0,0
2014/4/4 4:15,0.105034953,0
2014/4/4 4:20,0.105276526,0
2014/4/4 4:25,0.0,0
2014/4/4 4:30,0.0,0
2014/4/4 4:35,0.0,0
2014/4/4 4:40,0.0,0
2014/4/4 4:45,0.0,0
2014/4/4 4:50,0.0,0
2014/4/4 4:55,0.0,0
2014/4/4 5:00,0.0,0
2014/4/4 5:05,0.0,0
2014/4/4 5:10,2.088514674,0
2014/4/4 5:15,2.951557637,0
2014/4/4 5:20,0.0,0
2014/4/4 5:25,0.359322496,0
2014/4/4 5:30,0.31543750600000003,0
2014/4/4 5:35,0.0,0
2014/4/4 5:40,0.0,0
2014/4/4 5:45,0.0,0
2014/4/4 5:50,0.0,0
2014/4/4 5:55,1.7382723880000002,0
2014/4/4 6:00,1.714384668,0
2014/4/4 6:05,0.0,0
2014/4/4 6:10,0.0,0
2014/4/4 6:15,0.0,0
2014/4/4 6:20,0.0,0
2014/4/4 6:25,0.0,0
2014/4/4 6:30,0.0,0
2014/4/4 6:35,0.0,0
2014/4/4 6:40,0.0,0
2014/4/4 6:45,0.0,0
2014/4/4 6:50,0.0,0
2014/4/4 6:55,0.0,0
2014/4/4 7:00,0.0,0
2014/4/4 7:05,0.0,0
2014/4/4 7:10,0.0,0
2014/4/4 7:15,0.0,0
2014/4/4 7:20,0.0,0
2014/4/4 7:25,0.0,0
2014/4/4 7:30,0.0,0
2014/4/4 7:35,0.0,0
2014/4/4 7:40,0.0,0
2014/4/4 7:45,0.0,0
2014/4/4 7:50,0.0,0
2014/4/4 7:55,0.0,0
2014/4/4 8:00,0.0,0
2014/4/4 8:05,0.0,0
2014/4/4 8:10,0.0,0
2014/4/4 8:15,0.0,0
2014/4/4 8:20,0.0,0
2014/4/4 8:25,0.0,0
2014/4/4 8:30,0.0,0
2014/4/4 8:35,0.0,0
2014/4/4 8:40,0.0,0
2014/4/4 8:45,0.0,0
2014/4/4 8:50,0.229593203,0
2014/4/4 8:55,0.266382448,0
2014/4/4 9:00,0.0,0
2014/4/4 9:05,0.0,0
2014/4/4 9:10,0.0,0
2014/4/4 9:15,0.0,0
2014/4/4 9:20,0.0,0
2014/4/4 9:25,0.0,0
2014/4/4 9:30,0.0,0
2014/4/4 9:35,0.0,0
2014/4/4 9:40,0.0,0
2014/4/4 9:45,0.0,0
2014/4/4 9:50,0.0,0
2014/4/4 9:55,0.0,0
2014/4/4 10:00,0.0,0
2014/4/4 10:05,0.0,0
2014/4/4 10:10,0.0,0
2014/4/4 10:15,0.0,0
2014/4/4 10:20,0.0,0
2014/4/4 10:25,0.0,0
2014/4/4 10:30,0.0,0
2014/4/4 10:35,0.169201126,0
2014/4/4 10:40,0.145792899,0
2014/4/4 10:45,0.0,0
2014/4/4 10:50,0.0,0
2014/4/4 10:55,0.0,0
2014/4/4 11:00,0.0,0
2014/4/4 11:05,0.0,0
2014/4/4 11:10,0.0,0
2014/4/4 11:15,0.0,0
2014/4/4 11:20,0.0,0
2014/4/4 11:25,0.0,0
2014/4/4 11:30,0.0,0
2014/4/4 11:35,0.0,0
2014/4/4 11:40,0.0,0
2014/4/4 11:45,0.0,0
2014/4/4 11:50,0.0,0
2014/4/4 11:55,0.0,0
2014/4/4 12:00,0.0,0
2014/4/4 12:05,0.0,0
2014/4/4 12:10,0.333977415,0
2014/4/4 12:15,0.325388883,0
2014/4/4 12:20,0.0,0
2014/4/4 12:25,0.0,0
2014/4/4 12:30,0.0,0
2014/4/4 12:35,0.0,0
2014/4/4 12:40,0.0,0
2014/4/4 12:45,0.0,0
2014/4/4 12:50,0.0,0
2014/4/4 12:55,0.0,0
2014/4/4 13:00,0.0,0
2014/4/4 13:05,0.0,0
2014/4/4 13:10,0.0,0
2014/4/4 13:15,1.688183236,0
2014/4/4 13:20,2.041087675,0
2014/4/4 13:25,0.0,0
2014/4/4 13:30,0.0,0
2014/4/4 13:35,0.0,0
2014/4/4 13:40,0.0,0
2014/4/4 13:45,0.0,0
2014/4/4 13:50,0.0,0
2014/4/4 13:55,0.0,0
2014/4/4 14:00,0.0,0
2014/4/4 14:05,0.0,0
2014/4/4 14:10,0.0,0
2014/4/4 14:15,0.0,0
2014/4/4 14:20,0.0,0
2014/4/4 14:25,0.0,0
2014/4/4 14:30,0.0,0
2014/4/4 14:35,0.0,0
2014/4/4 14:40,0.0,0
2014/4/4 14:45,0.0,0
2014/4/4 14:50,0.0,0
2014/4/4 14:55,0.0,0
2014/4/4 15:00,0.0,0
2014/4/4 15:05,0.0,0
2014/4/4 15:10,0.0,0
2014/4/4 15:15,0.0,0
2014/4/4 15:20,0.0,0
2014/4/4 15:25,0.0,0
2014/4/4 15:30,0.0,0
2014/4/4 15:35,0.0,0
2014/4/4 15:40,0.0,0
2014/4/4 15:45,0.0,0
2014/4/4 15:50,0.0,0
2014/4/4 15:55,0.0,0
2014/4/4 16:00,0.122652163,0
2014/4/4 16:05,0.161397031,0
2014/4/4 16:10,0.0,0
2014/4/4 16:15,0.0,0
2014/4/4 16:20,0.0,0
2014/4/4 16:25,0.0,0
2014/4/4 16:30,0.0,0
2014/4/4 16:35,0.0,0
2014/4/4 16:40,0.0,0
2014/4/4 16:45,0.0,0
2014/4/4 16:50,0.0,0
2014/4/4 16:55,0.0,0
2014/4/4 17:00,0.0,0
2014/4/4 17:05,0.0,0
2014/4/4 17:10,0.0,0
2014/4/4 17:15,0.0,0
2014/4/4 17:20,0.0,0
2014/4/4 17:25,0.0,0
2014/4/4 17:30,0.0,0
2014/4/4 17:35,0.0,0
2014/4/4 17:40,0.0,0
2014/4/4 17:45,0.0,0
2014/4/4 17:50,0.0,0
2014/4/4 17:55,0.296530272,0
2014/4/4 18:00,0.205041677,0
2014/4/4 18:05,0.0,0
2014/4/4 18:10,0.0,0
2014/4/4 18:15,0.0,0
2014/4/4 18:20,0.0,0
2014/4/4 18:25,0.0,0
2014/4/4 18:30,0.0,0
2014/4/4 18:35,0.0,0
2014/4/4 18:40,0.0,0
2014/4/4 18:45,0.0,0
2014/4/4 18:50,0.0,0
2014/4/4 18:55,0.0,0
2014/4/4 19:00,0.0,0
2014/4/4 19:05,0.0,0
2014/4/4 19:10,0.0,0
2014/4/4 19:15,0.0,0
2014/4/4 19:20,0.0,0
2014/4/4 19:25,0.0,0
2014/4/4 19:30,0.0,0
2014/4/4 19:35,0.0,0
2014/4/4 19:40,0.0,0
2014/4/4 19:45,0.0,0
2014/4/4 19:50,0.0,0
2014/4/4 19:55,0.0,0
2014/4/4 20:00,0.0,0
2014/4/4 20:05,0.289038432,0
2014/4/4 20:10,0.25768812,0
2014/4/4 20:15,0.0,0
2014/4/4 20:20,0.0,0
2014/4/4 20:25,0.0,0
2014/4/4 20:30,0.0,0
2014/4/4 20:35,0.0,0
2014/4/4 20:40,0.0,0
2014/4/4 20:45,0.0,0
2014/4/4 20:50,0.0,0
2014/4/4 20:55,0.0,0
2014/4/4 21:00,0.0,0
2014/4/4 21:05,0.0,0
2014/4/4 21:10,0.0,0
2014/4/4 21:15,0.0,0
2014/4/4 21:20,0.0,0
2014/4/4 21:25,0.0,0
2014/4/4 21:30,0.0,0
2014/4/4 21:35,0.0,0
2014/4/4 21:40,0.0,0
2014/4/4 21:45,0.0,0
2014/4/4 21:50,0.0,0
2014/4/4 21:55,0.0,0
2014/4/4 22:00,0.0,0
2014/4/4 22:05,0.0,0
2014/4/4 22:10,0.0,0
2014/4/4 22:15,0.125285812,0
2014/4/4 22:20,0.157763175,0
2014/4/4 22:25,0.0,0
2014/4/4 22:30,0.0,0
2014/4/4 22:35,0.0,0
2014/4/4 22:40,0.0,0
2014/4/4 22:45,0.0,0
2014/4/4 22:50,0.0,0
2014/4/4 22:55,0.0,0
2014/4/4 23:00,0.0,0
2014/4/4 23:05,0.0,0
2014/4/4 23:10,0.0,0
2014/4/4 23:15,0.0,0
2014/4/4 23:20,0.0,0
2014/4/4 23:25,0.135920875,0
2014/4/4 23:30,0.182355223,0
2014/4/4 23:35,0.0,0
2014/4/4 23:40,0.0,0
2014/4/4 23:45,0.0,0
2014/4/4 23:50,0.0,0
2014/4/4 23:55,0.0,0
2014/4/5 0:00,0.0,0
2014/4/5 0:05,0.0,0
2014/4/5 0:10,0.0,0
2014/4/5 0:15,0.0,0
2014/4/5 0:20,0.0,0
2014/4/5 0:25,0.197728382,0
2014/4/5 0:30,0.12423537,0
2014/4/5 0:35,0.0,0
2014/4/5 0:40,0.0,0
2014/4/5 0:45,0.0,0
2014/4/5 0:50,0.0,0
2014/4/5 0:55,0.0,0
2014/4/5 1:00,0.0,0
2014/4/5 1:05,0.0,0
2014/4/5 1:10,0.0,0
2014/4/5 1:15,0.0,0
2014/4/5 1:20,0.0,0
2014/4/5 1:25,0.0,0
2014/4/5 1:30,0.0,0
2014/4/5 1:35,0.0,0
2014/4/5 1:40,0.0,0
2014/4/5 1:45,0.0,0
2014/4/5 1:50,0.0,0
2014/4/5 1:55,0.166331071,0
2014/4/5 2:00,0.18390997,0
2014/4/5 2:05,0.0,0
2014/4/5 2:10,0.0,0
2014/4/5 2:15,0.0,0
2014/4/5 2:20,0.0,0
2014/4/5 2:25,0.0,0
2014/4/5 2:30,0.0,0
2014/4/5 2:35,0.0,0
2014/4/5 2:40,0.0,0
2014/4/5 2:45,0.0,0
2014/4/5 2:50,0.0,0
2014/4/5 2:55,0.0,0
2014/4/5 3:00,0.0,0
2014/4/5 3:05,0.0,0
2014/4/5 3:10,0.0,0
2014/4/5 3:15,0.0,0
2014/4/5 3:20,0.0,0
2014/4/5 3:25,0.0,0
2014/4/5 3:30,0.0,0
2014/4/5 3:35,0.439337798,0
2014/4/5 3:40,0.445065278,0
2014/4/5 3:45,0.0,0
2014/4/5 3:50,0.0,0
2014/4/5 3:55,0.0,0
2014/4/5 4:00,0.0,0
2014/4/5 4:05,0.155066046,0
2014/4/5 4:10,0.11531445,0
2014/4/5 4:15,0.0,0
2014/4/5 4:20,0.0,0
2014/4/5 4:25,0.0,0
2014/4/5 4:30,0.0,0
2014/4/5 4:35,0.0,0
2014/4/5 4:40,0.0,0
2014/4/5 4:45,0.0,0
2014/4/5 4:50,0.0,0
2014/4/5 4:55,0.0,0
2014/4/5 5:00,0.0,0
2014/4/5 5:05,0.0,0
2014/4/5 5:10,0.0,0
2014/4/5 5:15,0.0,0
2014/4/5 5:20,0.0,0
2014/4/5 5:25,0.172811644,0
2014/4/5 5:30,0.160025141,0
2014/4/5 5:35,0.173125059,0
2014/4/5 5:40,0.176974662,0
2014/4/5 5:45,0.0,0
2014/4/5 5:50,0.0,0
2014/4/5 5:55,0.664816752,0
2014/4/5 6:00,0.65224419,0
2014/4/5 6:05,0.0,0
2014/4/5 6:10,0.0,0
2014/4/5 6:15,0.0,0
2014/4/5 6:20,0.0,0
2014/4/5 6:25,0.0,0
2014/4/5 6:30,0.0,0
2014/4/5 6:35,0.0,0
2014/4/5 6:40,0.0,0
2014/4/5 6:45,0.0,0
2014/4/5 6:50,0.0,0
2014/4/5 6:55,0.0,0
2014/4/5 7:00,0.0,0
2014/4/5 7:05,0.495120384,0
2014/4/5 7:10,0.313055352,0
2014/4/5 7:15,0.0,0
2014/4/5 7:20,0.0,0
2014/4/5 7:25,0.0,0
2014/4/5 7:30,0.0,0
2014/4/5 7:35,0.0,0
2014/4/5 7:40,0.0,0
2014/4/5 7:45,0.0,0
2014/4/5 7:50,0.0,0
2014/4/5 7:55,0.0,0
2014/4/5 8:00,0.0,0
2014/4/5 8:05,0.0,0
2014/4/5 8:10,0.0,0
2014/4/5 8:15,0.0,0
2014/4/5 8:20,0.0,0
2014/4/5 8:25,0.0,0
2014/4/5 8:30,0.0,0
2014/4/5 8:35,0.0,0
2014/4/5 8:40,0.0,0
2014/4/5 8:45,0.0,0
2014/4/5 8:50,0.0,0
2014/4/5 8:55,0.0,0
2014/4/5 9:00,0.0,0
2014/4/5 9:05,0.0,0
2014/4/5 9:10,0.0,0
2014/4/5 9:15,0.0,0
2014/4/5 9:20,0.0,0
2014/4/5 9:25,0.0,0
2014/4/5 9:30,0.0,0
2014/4/5 9:35,0.0,0
2014/4/5 9:40,0.0,0
2014/4/5 9:45,0.0,0
2014/4/5 9:50,0.0,0
2014/4/5 9:55,0.0,0
2014/4/5 10:00,0.0,0
2014/4/5 10:05,0.0,0
2014/4/5 10:10,0.0,0
2014/4/5 10:15,0.0,0
2014/4/5 10:20,0.0,0
2014/4/5 10:25,0.0,0
2014/4/5 10:30,0.0,0
2014/4/5 10:35,0.0,0
2014/4/5 10:40,0.0,0
2014/4/5 10:45,0.0,0
2014/4/5 10:50,0.0,0
2014/4/5 10:55,0.0,0
2014/4/5 11:00,0.0,0
2014/4/5 11:05,0.0,0
2014/4/5 11:10,0.0,0
2014/4/5 11:15,0.0,0
2014/4/5 11:20,0.0,0
2014/4/5 11:25,0.0,0
2014/4/5 11:30,0.0,0
2014/4/5 11:35,0.0,0
2014/4/5 11:40,0.0,0
2014/4/5 11:45,0.0,0
2014/4/5 11:50,0.0,0
2014/4/5 11:55,0.0,0
2014/4/5 12:00,0.0,0
2014/4/5 12:05,0.0,0
2014/4/5 12:10,0.0,0
2014/4/5 12:15,0.0,0
2014/4/5 12:20,0.0,0
2014/4/5 12:25,0.0,0
2014/4/5 12:30,0.0,0
2014/4/5 12:35,0.0,0
2014/4/5 12:40,0.0,0
2014/4/5 12:45,0.0,0
2014/4/5 12:50,0.0,0
2014/4/5 12:55,0.0,0
2014/4/5 13:00,0.134164111,0
2014/4/5 13:05,0.164846456,0
2014/4/5 13:10,0.0,0
2014/4/5 13:15,0.0,0
2014/4/5 13:20,0.0,0
2014/4/5 13:25,0.0,0
2014/4/5 13:30,0.0,0
2014/4/5 13:35,0.0,0
2014/4/5 13:40,0.0,0
2014/4/5 13:45,0.0,0
2014/4/5 13:50,0.0,0
2014/4/5 13:55,0.0,0
2014/4/5 14:00,0.0,0
2014/4/5 14:05,1.910789811,0
2014/4/5 14:10,2.036030698,0
2014/4/5 14:15,0.0,0
2014/4/5 14:20,0.0,0
2014/4/5 14:25,0.0,0
2014/4/5 14:30,0.0,0
2014/4/5 14:35,0.0,0
2014/4/5 14:40,0.0,0
2014/4/5 14:45,0.0,0
2014/4/5 14:50,0.0,0
2014/4/5 14:55,0.0,0
2014/4/5 15:00,0.0,0
2014/4/5 15:05,0.0,0
2014/4/5 15:10,0.0,0
2014/4/5 15:15,0.0,0
2014/4/5 15:20,0.0,0
2014/4/5 15:25,0.0,0
2014/4/5 15:30,0.0,0
2014/4/5 15:35,0.0,0
2014/4/5 15:40,0.0,0
2014/4/5 15:45,0.0,0
2014/4/5 15:50,0.0,0
2014/4/5 15:55,0.0,0
2014/4/5 16:00,0.0,0
2014/4/5 16:05,0.0,0
2014/4/5 16:10,0.0,0
2014/4/5 16:15,0.0,0
2014/4/5 16:20,0.0,0
2014/4/5 16:25,0.0,0
2014/4/5 16:30,0.0,0
2014/4/5 16:35,0.0,0
2014/4/5 16:40,0.0,0
2014/4/5 16:45,0.0,0
2014/4/5 16:50,0.0,0
2014/4/5 16:55,0.0,0
2014/4/5 17:00,0.0,0
2014/4/5 17:05,0.0,0
2014/4/5 17:10,0.0,0
2014/4/5 17:15,0.0,0
2014/4/5 17:20,0.0,0
2014/4/5 17:25,0.0,0
2014/4/5 17:30,0.0,0
2014/4/5 17:35,0.0,0
2014/4/5 17:40,0.0,0
2014/4/5 17:45,0.0,0
2014/4/5 17:50,1.014926281,0
2014/4/5 17:55,1.845373239,0
2014/4/5 18:00,0.0,0
2014/4/5 18:05,0.0,0
2014/4/5 18:10,0.0,0
2014/4/5 18:15,0.0,0
2014/4/5 18:20,0.0,0
2014/4/5 18:25,0.0,0
2014/4/5 18:30,0.0,0
2014/4/5 18:35,0.0,0
2014/4/5 18:40,0.0,0
2014/4/5 18:45,0.0,0
2014/4/5 18:50,0.0,0
2014/4/5 18:55,0.0,0
2014/4/5 19:00,0.0,0
2014/4/5 19:05,0.0,0
2014/4/5 19:10,0.0,0
2014/4/5 19:15,0.0,0
2014/4/5 19:20,0.0,0
2014/4/5 19:25,0.0,0
2014/4/5 19:30,0.0,0
2014/4/5 19:35,0.0,0
2014/4/5 19:40,0.0,0
2014/4/5 19:45,0.0,0
2014/4/5 19:50,0.0,0
2014/4/5 19:55,0.0,0
2014/4/5 20:00,0.0,0
2014/4/5 20:05,0.0,0
2014/4/5 20:10,0.0,0
2014/4/5 20:15,0.0,0
2014/4/5 20:20,0.0,0
2014/4/5 20:25,0.0,0
2014/4/5 20:30,0.0,0
2014/4/5 20:35,0.0,0
2014/4/5 20:40,0.0,0
2014/4/5 20:45,0.0,0
2014/4/5 20:50,0.0,0
2014/4/5 20:55,0.0,0
2014/4/5 21:00,0.0,0
2014/4/5 21:05,0.0,0
2014/4/5 21:10,0.0,0
2014/4/5 21:15,0.0,0
2014/4/5 21:20,2.436136322,0
2014/4/5 21:25,1.885387404,0
2014/4/5 21:30,0.0,0
2014/4/5 21:35,0.0,0
2014/4/5 21:40,0.0,0
2014/4/5 21:45,0.0,0
2014/4/5 21:50,0.0,0
2014/4/5 21:55,0.0,0
2014/4/5 22:00,0.0,0
2014/4/5 22:05,0.0,0
2014/4/5 22:10,0.0,0
2014/4/5 22:15,0.0,0
2014/4/5 22:20,0.0,0
2014/4/5 22:25,0.0,0
2014/4/5 22:30,0.0,0
2014/4/5 22:35,0.0,0
2014/4/5 22:40,0.0,0
2014/4/5 22:45,0.0,0
2014/4/5 22:50,0.0,0
2014/4/5 22:55,0.0,0
2014/4/5 23:00,0.0,0
2014/4/5 23:05,0.0,0
2014/4/5 23:10,0.0,0
2014/4/5 23:15,0.0,0
2014/4/5 23:20,0.0,0
2014/4/5 23:25,0.464367865,0
2014/4/5 23:30,0.429261987,0
2014/4/5 23:35,0.0,0
2014/4/5 23:40,0.0,0
2014/4/5 23:45,0.0,0
2014/4/5 23:50,0.0,0
2014/4/5 23:55,0.0,0
2014/4/6 0:00,0.0,0
2014/4/6 0:05,0.488754824,0
2014/4/6 0:10,0.300766058,0
2014/4/6 0:15,0.0,0
2014/4/6 0:20,0.0,0
2014/4/6 0:25,1.080138173,0
2014/4/6 0:30,2.968643958,0
2014/4/6 0:35,0.0,0
2014/4/6 0:40,1.766962245,0
2014/4/6 0:45,1.304456428,0
2014/4/6 0:50,0.0,0
2014/4/6 0:55,0.0,0
2014/4/6 1:00,0.0,0
2014/4/6 1:05,0.0,0
2014/4/6 1:10,0.0,0
2014/4/6 1:15,0.0,0
2014/4/6 1:20,0.0,0
2014/4/6 1:25,0.105032293,0
2014/4/6 1:30,2.439708458,0
2014/4/6 1:35,1.568576578,0
2014/4/6 1:40,0.0,0
2014/4/6 1:45,0.0,0
2014/4/6 1:50,0.0,0
2014/4/6 1:55,0.0,0
2014/4/6 2:00,0.0,0
2014/4/6 2:05,0.0,0
2014/4/6 2:10,0.0,0
2014/4/6 2:15,0.0,0
2014/4/6 2:20,0.0,0
2014/4/6 2:25,0.0,0
2014/4/6 2:30,0.0,0
2014/4/6 2:35,0.0,0
2014/4/6 2:40,0.0,0
2014/4/6 2:45,0.0,0
2014/4/6 2:50,0.0,0
2014/4/6 2:55,0.0,0
2014/4/6 3:00,0.0,0
2014/4/6 3:05,0.0,0
2014/4/6 3:10,0.0,0
2014/4/6 3:15,0.0,0
2014/4/6 3:20,0.0,0
2014/4/6 3:25,0.0,0
2014/4/6 3:30,0.0,0
2014/4/6 3:35,0.0,0
2014/4/6 3:40,0.0,0
2014/4/6 3:45,0.0,0
2014/4/6 3:50,0.0,0
2014/4/6 3:55,0.0,0
2014/4/6 4:00,0.0,0
2014/4/6 4:05,0.0,0
2014/4/6 4:10,0.118734679,0
2014/4/6 4:15,0.103247077,0
2014/4/6 4:20,0.0,0
2014/4/6 4:25,0.0,0
2014/4/6 4:30,0.0,0
2014/4/6 4:35,0.0,0
2014/4/6 4:40,0.0,0
2014/4/6 4:45,0.0,0
2014/4/6 4:50,0.0,0
2014/4/6 4:55,0.0,0
2014/4/6 5:00,0.0,0
2014/4/6 5:05,0.0,0
2014/4/6 5:10,0.0,0
2014/4/6 5:15,0.0,0
2014/4/6 5:20,0.0,0
2014/4/6 5:25,0.0,0
2014/4/6 5:30,0.0,0
2014/4/6 5:35,0.17433529,0
2014/4/6 5:40,0.17233303,0
2014/4/6 5:45,0.0,0
2014/4/6 5:50,0.0,0
2014/4/6 5:55,0.0,0
2014/4/6 6:00,0.0,0
2014/4/6 6:05,0.0,0
2014/4/6 6:10,0.0,0
2014/4/6 6:15,0.347624969,0
2014/4/6 6:20,0.487689528,0
2014/4/6 6:25,0.0,0
2014/4/6 6:30,0.0,0
2014/4/6 6:35,0.0,0
2014/4/6 6:40,0.0,0
2014/4/6 6:45,0.0,0
2014/4/6 6:50,0.0,0
2014/4/6 6:55,0.0,0
2014/4/6 7:00,0.0,0
2014/4/6 7:05,0.0,0
2014/4/6 7:10,0.0,0
2014/4/6 7:15,0.0,0
2014/4/6 7:20,0.0,0
2014/4/6 7:25,0.0,0
2014/4/6 7:30,0.0,0
2014/4/6 7:35,0.0,0
2014/4/6 7:40,0.0,0
2014/4/6 7:45,0.0,0
2014/4/6 7:50,0.0,0
2014/4/6 7:55,0.0,0
2014/4/6 8:00,0.0,0
2014/4/6 8:05,0.0,0
2014/4/6 8:10,0.0,0
2014/4/6 8:15,0.0,0
2014/4/6 8:20,0.0,0
2014/4/6 8:25,0.0,0
2014/4/6 8:30,0.0,0
2014/4/6 8:35,0.0,0
2014/4/6 8:40,0.0,0
2014/4/6 8:45,0.0,0
2014/4/6 8:50,0.0,0
2014/4/6 8:55,0.0,0
2014/4/6 9:00,0.0,0
2014/4/6 9:05,0.0,0
2014/4/6 9:10,0.0,0
2014/4/6 9:15,0.0,0
2014/4/6 9:20,0.0,0
2014/4/6 9:25,0.0,0
2014/4/6 9:30,0.0,0
2014/4/6 9:35,0.0,0
2014/4/6 9:40,0.0,0
2014/4/6 9:45,0.0,0
2014/4/6 9:50,0.0,0
2014/4/6 9:55,0.0,0
2014/4/6 10:00,0.0,0
2014/4/6 10:05,0.0,0
2014/4/6 10:10,0.0,0
2014/4/6 10:15,0.0,0
2014/4/6 10:20,0.0,0
2014/4/6 10:25,0.0,0
2014/4/6 10:30,0.0,0
2014/4/6 10:35,0.0,0
2014/4/6 10:40,0.0,0
2014/4/6 10:45,0.0,0
2014/4/6 10:50,0.0,0
2014/4/6 10:55,0.0,0
2014/4/6 11:00,0.0,0
2014/4/6 11:05,0.0,0
2014/4/6 11:10,0.0,0
2014/4/6 11:15,0.0,0
2014/4/6 11:20,0.0,0
2014/4/6 11:25,0.0,0
2014/4/6 11:30,0.0,0
2014/4/6 11:35,0.0,0
2014/4/6 11:40,0.0,0
2014/4/6 11:45,0.0,0
2014/4/6 11:50,0.0,0
2014/4/6 11:55,0.0,0
2014/4/6 12:00,0.0,0
2014/4/6 12:05,0.0,0
2014/4/6 12:10,0.0,0
2014/4/6 12:15,0.0,0
2014/4/6 12:20,0.0,0
2014/4/6 12:25,0.0,0
2014/4/6 12:30,0.0,0
2014/4/6 12:35,0.0,0
2014/4/6 12:40,0.0,0
2014/4/6 12:45,0.0,0
2014/4/6 12:50,0.0,0
2014/4/6 12:55,0.0,0
2014/4/6 13:00,0.0,0
2014/4/6 13:05,0.0,0
2014/4/6 13:10,0.0,0
2014/4/6 13:15,0.0,0
2014/4/6 13:20,0.0,0
2014/4/6 13:25,0.0,0
2014/4/6 13:30,0.0,0
2014/4/6 13:35,0.0,0
2014/4/6 13:40,0.0,0
2014/4/6 13:45,0.0,0
2014/4/6 13:50,0.0,0
2014/4/6 13:55,0.0,0
2014/4/6 14:00,0.0,0
2014/4/6 14:05,0.0,0
2014/4/6 14:10,0.0,0
2014/4/6 14:15,0.0,0
2014/4/6 14:20,0.0,0
2014/4/6 14:25,0.0,0
2014/4/6 14:30,0.0,0
2014/4/6 14:35,0.0,0
2014/4/6 14:40,0.0,0
2014/4/6 14:45,0.0,0
2014/4/6 14:50,0.0,0
2014/4/6 14:55,0.0,0
2014/4/6 15:00,0.0,0
2014/4/6 15:05,0.0,0
2014/4/6 15:10,0.0,0
2014/4/6 15:15,0.0,0
2014/4/6 15:20,0.0,0
2014/4/6 15:25,0.0,0
2014/4/6 15:30,0.0,0
2014/4/6 15:35,0.0,0
2014/4/6 15:40,0.0,0
2014/4/6 15:45,0.0,0
2014/4/6 15:50,0.0,0
2014/4/6 15:55,0.0,0
2014/4/6 16:00,0.0,0
2014/4/6 16:05,0.0,0
2014/4/6 16:10,0.0,0
2014/4/6 16:15,0.0,0
2014/4/6 16:20,0.0,0
2014/4/6 16:25,0.0,0
2014/4/6 16:30,0.0,0
2014/4/6 16:35,0.0,0
2014/4/6 16:40,0.0,0
2014/4/6 16:45,0.0,0
2014/4/6 16:50,0.0,0
2014/4/6 16:55,0.0,0
2014/4/6 17:00,0.0,0
2014/4/6 17:05,0.0,0
2014/4/6 17:10,0.0,0
2014/4/6 17:15,0.0,0
2014/4/6 17:20,0.0,0
2014/4/6 17:25,0.0,0
2014/4/6 17:30,0.0,0
2014/4/6 17:35,0.0,0
2014/4/6 17:40,0.0,0
2014/4/6 17:45,0.0,0
2014/4/6 17:50,0.0,0
2014/4/6 17:55,0.0,0
2014/4/6 18:00,0.0,0
2014/4/6 18:05,0.0,0
2014/4/6 18:10,0.0,0
2014/4/6 18:15,0.0,0
2014/4/6 18:20,0.0,0
2014/4/6 18:25,0.0,0
2014/4/6 18:30,0.0,0
2014/4/6 18:35,0.0,0
2014/4/6 18:40,0.0,0
2014/4/6 18:45,0.0,0
2014/4/6 18:50,0.0,0
2014/4/6 18:55,0.0,0
2014/4/6 19:00,0.0,0
2014/4/6 19:05,0.0,0
2014/4/6 19:10,0.0,0
2014/4/6 19:15,0.0,0
2014/4/6 19:20,0.206360144,0
2014/4/6 19:25,0.255168797,0
2014/4/6 19:30,0.0,0
2014/4/6 19:35,0.0,0
2014/4/6 19:40,0.0,0
2014/4/6 19:45,0.0,0
2014/4/6 19:50,0.0,0
2014/4/6 19:55,0.0,0
2014/4/6 20:00,0.0,0
2014/4/6 20:05,0.0,0
2014/4/6 20:10,0.0,0
2014/4/6 20:15,0.0,0
2014/4/6 20:20,0.0,0
2014/4/6 20:25,0.0,0
2014/4/6 20:30,0.0,0
2014/4/6 20:35,0.0,0
2014/4/6 20:40,0.0,0
2014/4/6 20:45,0.0,0
2014/4/6 20:50,0.0,0
2014/4/6 20:55,0.113605623,0
2014/4/6 21:00,0.18360789,0
2014/4/6 21:05,0.0,0
2014/4/6 21:10,0.0,0
2014/4/6 21:15,0.0,0
2014/4/6 21:20,0.0,0
2014/4/6 21:25,0.115478604,0
2014/4/6 21:30,0.130117559,0
2014/4/6 21:35,0.0,0
2014/4/6 21:40,0.0,0
2014/4/6 21:45,0.0,0
2014/4/6 21:50,0.0,0
2014/4/6 21:55,0.0,0
2014/4/6 22:00,0.0,0
2014/4/6 22:05,0.0,0
2014/4/6 22:10,0.0,0
2014/4/6 22:15,0.0,0
2014/4/6 22:20,0.0,0
2014/4/6 22:25,0.0,0
2014/4/6 22:30,0.0,0
2014/4/6 22:35,0.0,0
2014/4/6 22:40,0.0,0
2014/4/6 22:45,0.0,0
2014/4/6 22:50,0.0,0
2014/4/6 22:55,0.0,0
2014/4/6 23:00,0.0,0
2014/4/6 23:05,0.0,0
2014/4/6 23:10,0.0,0
2014/4/6 23:15,0.0,0
2014/4/6 23:20,0.0,0
2014/4/6 23:25,0.0,0
2014/4/6 23:30,0.0,0
2014/4/6 23:35,0.0,0
2014/4/6 23:40,0.0,0
2014/4/6 23:45,0.0,0
2014/4/6 23:50,0.0,0
2014/4/6 23:55,0.0,0
2014/4/7 0:00,0.0,0
2014/4/7 0:05,2.7467829160000004,0
2014/4/7 0:10,1.789980541,0
2014/4/7 0:15,0.0,0
2014/4/7 0:20,0.0,0
2014/4/7 0:25,0.0,0
2014/4/7 0:30,0.0,0
2014/4/7 0:35,0.0,0
2014/4/7 0:40,0.0,0
2014/4/7 0:45,0.0,0
2014/4/7 0:50,0.0,0
2014/4/7 0:55,0.0,0
2014/4/7 1:00,0.0,0
2014/4/7 1:05,0.0,0
2014/4/7 1:10,0.0,0
2014/4/7 1:15,0.0,0
2014/4/7 1:20,0.0,0
2014/4/7 1:25,0.0,0
2014/4/7 1:30,0.0,0
2014/4/7 1:35,0.0,0
2014/4/7 1:40,0.0,0
2014/4/7 1:45,0.0,0
2014/4/7 1:50,0.0,0
2014/4/7 1:55,0.0,0
2014/4/7 2:00,0.0,0
2014/4/7 2:05,0.0,0
2014/4/7 2:10,0.0,0
2014/4/7 2:15,0.0,0
2014/4/7 2:20,0.0,0
2014/4/7 2:25,0.0,0
2014/4/7 2:30,0.0,0
2014/4/7 2:35,0.0,0
2014/4/7 2:40,0.0,0
2014/4/7 2:45,0.0,0
2014/4/7 2:50,0.0,0
2014/4/7 2:55,0.0,0
2014/4/7 3:00,0.0,0
2014/4/7 3:05,0.0,0
2014/4/7 3:10,0.0,0
2014/4/7 3:15,0.0,0
2014/4/7 3:20,0.0,0
2014/4/7 3:25,0.0,0
2014/4/7 3:30,0.0,0
2014/4/7 3:35,0.0,0
2014/4/7 3:40,0.0,0
2014/4/7 3:45,0.0,0
2014/4/7 3:50,0.0,0
2014/4/7 3:55,0.0,0
2014/4/7 4:00,0.0,0
2014/4/7 4:05,0.0,0
2014/4/7 4:10,0.0,0
2014/4/7 4:15,0.0,0
2014/4/7 4:20,0.0,0
2014/4/7 4:25,0.0,0
2014/4/7 4:30,0.0,0
2014/4/7 4:35,0.0,0
2014/4/7 4:40,0.0,0
2014/4/7 4:45,0.0,0
2014/4/7 4:50,0.0,0
2014/4/7 4:55,0.0,0
2014/4/7 5:00,0.0,0
2014/4/7 5:05,0.0,0
2014/4/7 5:10,0.0,0
2014/4/7 5:15,0.0,0
2014/4/7 5:20,0.0,0
2014/4/7 5:25,0.0,0
2014/4/7 5:30,0.0,0
2014/4/7 5:35,0.0,0
2014/4/7 5:40,0.0,0
2014/4/7 5:45,0.0,0
2014/4/7 5:50,0.0,0
2014/4/7 5:55,0.0,0
2014/4/7 6:00,0.0,0
2014/4/7 6:05,0.0,0
2014/4/7 6:10,0.0,0
2014/4/7 6:15,0.0,0
2014/4/7 6:20,0.0,0
2014/4/7 6:25,0.0,0
2014/4/7 6:30,0.0,0
2014/4/7 6:35,0.0,0
2014/4/7 6:40,0.0,0
2014/4/7 6:45,0.0,0
2014/4/7 6:50,0.0,0
2014/4/7 6:55,0.0,0
2014/4/7 7:00,0.353823951,0
2014/4/7 7:05,0.460626618,0
2014/4/7 7:10,0.0,0
2014/4/7 7:15,0.0,0
2014/4/7 7:20,0.0,0
2014/4/7 7:25,0.0,0
2014/4/7 7:30,0.0,0
2014/4/7 7:35,0.0,0
2014/4/7 7:40,0.0,0
2014/4/7 7:45,0.0,0
2014/4/7 7:50,0.0,0
2014/4/7 7:55,0.0,0
2014/4/7 8:00,0.0,0
2014/4/7 8:05,0.0,0
2014/4/7 8:10,0.0,0
2014/4/7 8:15,0.0,0
2014/4/7 8:20,0.0,0
2014/4/7 8:25,0.0,0
2014/4/7 8:30,0.0,0
2014/4/7 8:35,0.0,0
2014/4/7 8:40,0.0,0
2014/4/7 8:45,0.0,0
2014/4/7 8:50,0.0,0
2014/4/7 8:55,0.0,0
2014/4/7 9:00,0.0,0
2014/4/7 9:05,0.0,0
2014/4/7 9:10,0.0,0
2014/4/7 9:15,0.0,0
2014/4/7 9:20,0.0,0
2014/4/7 9:25,0.0,0
2014/4/7 9:30,0.0,0
2014/4/7 9:35,0.0,0
2014/4/7 9:40,0.0,0
2014/4/7 9:45,0.0,0
2014/4/7 9:50,0.0,0
2014/4/7 9:55,0.0,0
2014/4/7 10:00,0.0,0
2014/4/7 10:05,0.0,0
2014/4/7 10:10,0.0,0
2014/4/7 10:15,0.0,0
2014/4/7 10:20,0.0,0
2014/4/7 10:25,0.0,0
2014/4/7 10:30,0.0,0
2014/4/7 10:35,0.0,0
2014/4/7 10:40,0.0,0
2014/4/7 10:45,0.0,0
2014/4/7 10:50,0.0,0
2014/4/7 10:55,0.0,0
2014/4/7 11:00,0.0,0
2014/4/7 11:05,0.233645035,0
2014/4/7 11:10,0.221120826,0
2014/4/7 11:15,0.0,0
2014/4/7 11:20,0.0,0
2014/4/7 11:25,0.0,0
2014/4/7 11:30,0.0,0
2014/4/7 11:35,0.0,0
2014/4/7 11:40,0.0,0
2014/4/7 11:45,0.0,0
2014/4/7 11:50,0.0,0
2014/4/7 11:55,0.0,0
2014/4/7 12:00,0.144273593,0
2014/4/7 12:05,0.194891622,0
2014/4/7 12:10,0.0,0
2014/4/7 12:15,0.0,0
2014/4/7 12:20,0.0,0
2014/4/7 12:25,0.0,0
2014/4/7 12:30,0.0,0
2014/4/7 12:35,0.0,0
2014/4/7 12:40,0.0,0
2014/4/7 12:45,0.0,0
2014/4/7 12:50,0.0,0
2014/4/7 12:55,0.0,0
2014/4/7 13:00,0.0,0
2014/4/7 13:05,0.0,0
2014/4/7 13:10,0.0,0
2014/4/7 13:15,0.0,0
2014/4/7 13:20,0.0,0
2014/4/7 13:25,0.0,0
2014/4/7 13:30,0.0,0
2014/4/7 13:35,0.0,0
2014/4/7 13:40,0.0,0
2014/4/7 13:45,0.0,0
2014/4/7 13:50,0.0,0
2014/4/7 13:55,0.0,0
2014/4/7 14:00,0.0,0
2014/4/7 14:05,0.0,0
2014/4/7 14:10,0.0,0
2014/4/7 14:15,0.0,0
2014/4/7 14:20,0.0,0
2014/4/7 14:25,0.0,0
2014/4/7 14:30,0.0,0
2014/4/7 14:35,0.0,0
2014/4/7 14:40,0.0,0
2014/4/7 14:45,0.0,0
2014/4/7 14:50,0.0,0
2014/4/7 14:55,0.0,0
2014/4/7 15:00,0.0,0
2014/4/7 15:05,0.0,0
2014/4/7 15:10,0.0,0
2014/4/7 15:15,0.0,0
2014/4/7 15:20,0.0,0
2014/4/7 15:25,0.0,0
2014/4/7 15:30,0.0,0
2014/4/7 15:35,0.0,0
2014/4/7 15:40,0.0,0
2014/4/7 15:45,0.231318205,0
2014/4/7 15:50,0.217884107,0
2014/4/7 15:55,0.0,0
2014/4/7 16:00,0.0,0
2014/4/7 16:05,0.0,0
2014/4/7 16:10,0.0,0
2014/4/7 16:15,0.0,0
2014/4/7 16:20,0.0,0
2014/4/7 16:25,0.0,0
2014/4/7 16:30,0.0,0
2014/4/7 16:35,0.0,0
2014/4/7 16:40,0.0,0
2014/4/7 16:45,0.0,0
2014/4/7 16:50,0.0,0
2014/4/7 16:55,0.0,0
2014/4/7 17:00,0.0,0
2014/4/7 17:05,0.0,0
2014/4/7 17:10,0.0,0
2014/4/7 17:15,0.0,0
2014/4/7 17:20,0.0,0
2014/4/7 17:25,0.0,0
2014/4/7 17:30,0.0,0
2014/4/7 17:35,0.0,0
2014/4/7 17:40,0.0,0
2014/4/7 17:45,0.0,0
2014/4/7 17:50,0.0,0
2014/4/7 17:55,0.0,0
2014/4/7 18:00,0.0,0
2014/4/7 18:05,0.0,0
2014/4/7 18:10,0.0,0
2014/4/7 18:15,0.0,0
2014/4/7 18:20,0.0,0
2014/4/7 18:25,0.0,0
2014/4/7 18:30,0.0,0
2014/4/7 18:35,0.0,0
2014/4/7 18:40,0.0,0
2014/4/7 18:45,0.0,0
2014/4/7 18:50,0.0,0
2014/4/7 18:55,0.0,0
2014/4/7 19:00,0.0,0
2014/4/7 19:05,0.0,0
2014/4/7 19:10,0.0,0
2014/4/7 19:15,0.0,0
2014/4/7 19:20,0.0,0
2014/4/7 19:25,0.0,0
2014/4/7 19:30,0.0,0
2014/4/7 19:35,0.0,0
2014/4/7 19:40,0.0,0
2014/4/7 19:45,0.0,0
2014/4/7 19:50,0.0,0
2014/4/7 19:55,0.0,0
2014/4/7 20:00,0.0,0
2014/4/7 20:05,0.0,0
2014/4/7 20:10,0.0,0
2014/4/7 20:15,0.0,0
2014/4/7 20:20,0.0,0
2014/4/7 20:25,0.0,0
2014/4/7 20:30,0.0,0
2014/4/7 20:35,0.0,0
2014/4/7 20:40,0.0,0
2014/4/7 20:45,0.0,0
2014/4/7 20:50,0.0,0
2014/4/7 20:55,0.0,0
2014/4/7 21:00,0.0,0
2014/4/7 21:05,0.0,0
2014/4/7 21:10,0.0,0
2014/4/7 21:15,0.0,0
2014/4/7 21:20,0.0,0
2014/4/7 21:25,0.0,0
2014/4/7 21:30,0.0,0
2014/4/7 21:35,0.0,0
2014/4/7 21:40,0.0,0
2014/4/7 21:45,0.0,0
2014/4/7 21:50,0.0,0
2014/4/7 21:55,0.0,0
2014/4/7 22:00,0.0,0
2014/4/7 22:05,0.0,0
2014/4/7 22:10,0.0,0
2014/4/7 22:15,0.0,0
2014/4/7 22:20,0.0,0
2014/4/7 22:25,0.0,0
2014/4/7 22:30,0.0,0
2014/4/7 22:35,0.0,0
2014/4/7 22:40,0.0,0
2014/4/7 22:45,0.290191611,0
2014/4/7 22:50,0.239718689,0
2014/4/7 22:55,0.0,0
2014/4/7 23:00,0.224527931,0
2014/4/7 23:05,0.244840784,0
2014/4/7 23:10,0.0,0
2014/4/7 23:15,1.67001714,0
2014/4/7 23:20,1.414565045,0
2014/4/7 23:25,0.0,0
2014/4/7 23:30,0.0,0
2014/4/7 23:35,0.124599974,0
2014/4/7 23:40,0.15320868199999998,0
2014/4/7 23:45,0.0,0
2014/4/7 23:50,0.0,0
2014/4/7 23:55,0.0,0
2014/4/8 0:00,0.0,0
2014/4/8 0:05,0.0,0
2014/4/8 0:10,0.0,0
2014/4/8 0:15,0.0,0
2014/4/8 0:20,0.0,0
2014/4/8 0:25,0.0,0
2014/4/8 0:30,0.0,0
2014/4/8 0:35,0.0,0
2014/4/8 0:40,0.29477328,0
2014/4/8 0:45,0.212637014,0
2014/4/8 0:50,0.0,0
2014/4/8 0:55,0.0,0
2014/4/8 1:00,0.0,0
2014/4/8 1:05,0.0,0
2014/4/8 1:10,0.0,0
2014/4/8 1:15,0.0,0
2014/4/8 1:20,0.0,0
2014/4/8 1:25,0.0,0
2014/4/8 1:30,0.0,0
2014/4/8 1:35,0.0,0
2014/4/8 1:40,0.0,0
2014/4/8 1:45,0.0,0
2014/4/8 1:50,0.0,0
2014/4/8 1:55,0.350679622,0
2014/4/8 2:00,0.401005609,0
2014/4/8 2:05,0.0,0
2014/4/8 2:10,0.0,0
2014/4/8 2:15,0.0,0
2014/4/8 2:20,0.0,0
2014/4/8 2:25,0.0,0
2014/4/8 2:30,0.0,0
2014/4/8 2:35,0.0,0
2014/4/8 2:40,0.0,0
2014/4/8 2:45,0.0,0
2014/4/8 2:50,0.0,0
2014/4/8 2:55,0.0,0
2014/4/8 3:00,0.0,0
2014/4/8 3:05,0.0,0
2014/4/8 3:10,0.0,0
2014/4/8 3:15,0.0,0
2014/4/8 3:20,0.0,0
2014/4/8 3:25,0.30609931,0
2014/4/8 3:30,0.326362075,0
2014/4/8 3:35,0.0,0
2014/4/8 3:40,0.0,0
2014/4/8 3:45,0.0,0
2014/4/8 3:50,0.0,0
2014/4/8 3:55,0.0,0
2014/4/8 4:00,0.0,0
2014/4/8 4:05,0.0,0
2014/4/8 4:10,0.0,0
2014/4/8 4:15,0.0,0
2014/4/8 4:20,0.0,0
2014/4/8 4:25,0.0,0
2014/4/8 4:30,0.0,0
2014/4/8 4:35,0.0,0
2014/4/8 4:40,0.0,0
2014/4/8 4:45,0.0,0
2014/4/8 4:50,0.0,0
2014/4/8 4:55,0.0,0
2014/4/8 5:00,0.0,0
2014/4/8 5:05,0.0,0
2014/4/8 5:10,0.0,0
2014/4/8 5:15,0.100302087,0
2014/4/8 5:20,0.124793245,0
2014/4/8 5:25,0.0,0
2014/4/8 5:30,0.0,0
2014/4/8 5:35,0.0,0
2014/4/8 5:40,0.0,0
2014/4/8 5:45,0.0,0
2014/4/8 5:50,0.0,0
2014/4/8 5:55,0.0,0
2014/4/8 6:00,0.0,0
2014/4/8 6:05,0.0,0
2014/4/8 6:10,0.0,0
2014/4/8 6:15,0.0,0
2014/4/8 6:20,0.0,0
2014/4/8 6:25,0.0,0
2014/4/8 6:30,0.0,0
2014/4/8 6:35,0.0,0
2014/4/8 6:40,0.0,0
2014/4/8 6:45,0.0,0
2014/4/8 6:50,0.0,0
2014/4/8 6:55,0.0,0
2014/4/8 7:00,0.0,0
2014/4/8 7:05,0.0,0
2014/4/8 7:10,0.0,0
2014/4/8 7:15,0.0,0
2014/4/8 7:20,0.0,0
2014/4/8 7:25,0.0,0
2014/4/8 7:30,0.0,0
2014/4/8 7:35,0.0,0
2014/4/8 7:40,0.0,0
2014/4/8 7:45,0.0,0
2014/4/8 7:50,0.0,0
2014/4/8 7:55,0.0,0
2014/4/8 8:00,0.0,0
2014/4/8 8:05,0.0,0
2014/4/8 8:10,0.0,0
2014/4/8 8:15,0.0,0
2014/4/8 8:20,0.0,0
2014/4/8 8:25,0.0,0
2014/4/8 8:30,0.0,0
2014/4/8 8:35,0.0,0
2014/4/8 8:40,0.0,0
2014/4/8 8:45,0.0,0
2014/4/8 8:50,0.0,0
2014/4/8 8:55,0.0,0
2014/4/8 9:00,0.0,0
2014/4/8 9:05,0.0,0
2014/4/8 9:10,0.0,0
2014/4/8 9:15,0.0,0
2014/4/8 9:20,0.0,0
2014/4/8 9:25,0.0,0
2014/4/8 9:30,0.0,0
2014/4/8 9:35,0.0,0
2014/4/8 9:40,0.0,0
2014/4/8 9:45,0.0,0
2014/4/8 9:50,0.0,0
2014/4/8 9:55,0.0,0
2014/4/8 10:00,0.0,0
2014/4/8 10:05,0.0,0
2014/4/8 10:10,0.0,0
2014/4/8 10:15,0.0,0
2014/4/8 10:20,0.297369214,0
2014/4/8 10:25,0.223063864,0
2014/4/8 10:30,0.0,0
2014/4/8 10:35,0.0,0
2014/4/8 10:40,0.0,0
2014/4/8 10:45,0.0,0
2014/4/8 10:50,0.0,0
2014/4/8 10:55,0.0,0
2014/4/8 11:00,0.277287394,0
2014/4/8 11:05,0.233896993,0
2014/4/8 11:10,0.0,0
2014/4/8 11:15,0.0,0
2014/4/8 11:20,0.0,0
2014/4/8 11:25,0.0,0
2014/4/8 11:30,0.0,0
2014/4/8 11:35,0.0,0
2014/4/8 11:40,0.0,0
2014/4/8 11:45,0.0,0
2014/4/8 11:50,0.0,0
2014/4/8 11:55,0.0,0
2014/4/8 12:00,0.0,0
2014/4/8 12:05,0.0,0
2014/4/8 12:10,0.0,0
2014/4/8 12:15,0.0,0
2014/4/8 12:20,0.0,0
2014/4/8 12:25,0.0,0
2014/4/8 12:30,0.0,0
2014/4/8 12:35,0.0,0
2014/4/8 12:40,0.0,0
2014/4/8 12:45,0.0,0
2014/4/8 12:50,0.0,0
2014/4/8 12:55,0.0,0
2014/4/8 13:00,0.0,0
2014/4/8 13:05,0.0,0
2014/4/8 13:10,0.0,0
2014/4/8 13:15,0.0,0
2014/4/8 13:20,0.0,0
2014/4/8 13:25,0.0,0
2014/4/8 13:30,0.0,0
2014/4/8 13:35,0.0,0
2014/4/8 13:40,0.0,0
2014/4/8 13:45,0.0,0
2014/4/8 13:50,0.0,0
2014/4/8 13:55,0.0,0
2014/4/8 14:00,0.0,0
2014/4/8 14:05,0.0,0
2014/4/8 14:10,0.0,0
2014/4/8 14:15,0.0,0
2014/4/8 14:20,0.0,0
2014/4/8 14:25,0.0,0
2014/4/8 14:30,0.0,0
2014/4/8 14:35,0.0,0
2014/4/8 14:40,0.0,0
2014/4/8 14:45,0.0,0
2014/4/8 14:50,0.0,0
2014/4/8 14:55,0.0,0
2014/4/8 15:00,0.0,0
2014/4/8 15:05,0.0,0
2014/4/8 15:10,0.0,0
2014/4/8 15:15,0.0,0
2014/4/8 15:20,0.0,0
2014/4/8 15:25,0.0,0
2014/4/8 15:30,0.0,0
2014/4/8 15:35,0.0,0
2014/4/8 15:40,0.0,0
2014/4/8 15:45,0.0,0
2014/4/8 15:50,0.0,0
2014/4/8 15:55,0.0,0
2014/4/8 16:00,0.0,0
2014/4/8 16:05,0.0,0
2014/4/8 16:10,0.0,0
2014/4/8 16:15,0.0,0
2014/4/8 16:20,0.0,0
2014/4/8 16:25,0.0,0
2014/4/8 16:30,0.0,0
2014/4/8 16:35,0.0,0
2014/4/8 16:40,0.0,0
2014/4/8 16:45,0.0,0
2014/4/8 16:50,0.0,0
2014/4/8 16:55,0.0,0
2014/4/8 17:00,0.0,0
2014/4/8 17:05,0.0,0
2014/4/8 17:10,0.0,0
2014/4/8 17:15,0.0,0
2014/4/8 17:20,0.0,0
2014/4/8 17:25,0.0,0
2014/4/8 17:30,0.0,0
2014/4/8 17:35,0.0,0
2014/4/8 17:40,0.0,0
2014/4/8 17:45,0.0,0
2014/4/8 17:50,0.0,0
2014/4/8 17:55,0.0,0
2014/4/8 18:00,0.0,0
2014/4/8 18:05,0.192779148,0
2014/4/8 18:10,0.193213392,0
2014/4/8 18:15,0.0,0
2014/4/8 18:20,0.0,0
2014/4/8 18:25,0.0,0
2014/4/8 18:30,0.0,0
2014/4/8 18:35,0.0,0
2014/4/8 18:40,0.0,0
2014/4/8 18:45,0.0,0
2014/4/8 18:50,0.0,0
2014/4/8 18:55,0.0,0
2014/4/8 19:00,0.0,0
2014/4/8 19:05,0.0,0
2014/4/8 19:10,0.0,0
2014/4/8 19:15,0.0,0
2014/4/8 19:20,0.0,0
2014/4/8 19:25,0.17205864199999998,0
2014/4/8 19:30,0.176576332,0
2014/4/8 19:35,0.0,0
2014/4/8 19:40,0.0,0
2014/4/8 19:45,0.0,0
2014/4/8 19:50,0.0,0
2014/4/8 19:55,0.0,0
2014/4/8 20:00,0.0,0
2014/4/8 20:05,0.0,0
2014/4/8 20:10,0.0,0
2014/4/8 20:15,0.0,0
2014/4/8 20:20,0.0,0
2014/4/8 20:25,0.0,0
2014/4/8 20:30,0.0,0
2014/4/8 20:35,0.0,0
2014/4/8 20:40,0.477317919,0
2014/4/8 20:45,0.450335953,0
2014/4/8 20:50,0.0,0
2014/4/8 20:55,0.0,0
2014/4/8 21:00,0.0,0
2014/4/8 21:05,0.0,0
2014/4/8 21:10,0.0,0
2014/4/8 21:15,0.0,0
2014/4/8 21:20,0.0,0
2014/4/8 21:25,0.0,0
2014/4/8 21:30,0.0,0
2014/4/8 21:35,0.0,0
2014/4/8 21:40,0.0,0
2014/4/8 21:45,0.0,0
2014/4/8 21:50,0.0,0
2014/4/8 21:55,0.0,0
2014/4/8 22:00,0.0,0
2014/4/8 22:05,0.0,0
2014/4/8 22:10,0.0,0
2014/4/8 22:15,0.0,0
2014/4/8 22:20,0.0,0
2014/4/8 22:25,0.0,0
2014/4/8 22:30,0.109148296,0
2014/4/8 22:35,0.151387584,0
2014/4/8 22:40,0.0,0
2014/4/8 22:45,2.7086919660000004,0
2014/4/8 22:50,2.373535591,0
2014/4/8 22:55,0.0,0
2014/4/8 23:00,0.0,0
2014/4/8 23:05,0.0,0
2014/4/8 23:10,0.0,0
2014/4/8 23:15,0.0,0
2014/4/8 23:20,0.0,0
2014/4/8 23:25,0.0,0
2014/4/8 23:30,0.0,0
2014/4/8 23:35,0.0,0
2014/4/8 23:40,0.0,0
2014/4/8 23:45,0.0,0
2014/4/8 23:50,0.0,0
2014/4/8 23:55,0.0,0
2014/4/9 0:00,0.0,0
2014/4/9 0:05,0.0,0
2014/4/9 0:10,0.0,0
2014/4/9 0:15,0.0,0
2014/4/9 0:20,0.0,0
2014/4/9 0:25,0.0,0
2014/4/9 0:30,0.0,0
2014/4/9 0:35,0.0,0
2014/4/9 0:40,0.0,0
2014/4/9 0:45,0.0,0
2014/4/9 0:50,0.0,0
2014/4/9 0:55,0.0,0
2014/4/9 1:00,0.0,0
2014/4/9 1:05,0.0,0
2014/4/9 1:10,0.0,0
2014/4/9 1:15,0.0,0
2014/4/9 1:20,0.0,0
2014/4/9 1:25,0.0,0
2014/4/9 1:30,0.0,0
2014/4/9 1:35,0.0,0
2014/4/9 1:40,0.0,0
2014/4/9 1:45,0.0,0
2014/4/9 1:50,0.0,0
2014/4/9 1:55,0.0,0
2014/4/9 2:00,0.0,0
2014/4/9 2:05,0.0,0
2014/4/9 2:10,0.0,0
2014/4/9 2:15,0.0,0
2014/4/9 2:20,0.0,0
2014/4/9 2:25,0.0,0
2014/4/9 2:30,0.0,0
2014/4/9 2:35,0.178239581,0
2014/4/9 2:40,0.15307506,0
2014/4/9 2:45,0.0,0
2014/4/9 2:50,0.0,0
2014/4/9 2:55,0.0,0
2014/4/9 3:00,0.0,0
2014/4/9 3:05,0.0,0
2014/4/9 3:10,0.0,0
2014/4/9 3:15,0.0,0
2014/4/9 3:20,0.0,0
2014/4/9 3:25,0.0,0
2014/4/9 3:30,0.0,0
2014/4/9 3:35,0.0,0
2014/4/9 3:40,0.0,0
2014/4/9 3:45,0.0,0
2014/4/9 3:50,0.0,0
2014/4/9 3:55,0.0,0
2014/4/9 4:00,0.0,0
2014/4/9 4:05,0.0,0
2014/4/9 4:10,0.0,0
2014/4/9 4:15,0.0,0
2014/4/9 4:20,0.0,0
2014/4/9 4:25,0.0,0
2014/4/9 4:30,0.0,0
2014/4/9 4:35,0.0,0
2014/4/9 4:40,0.0,0
2014/4/9 4:45,0.0,0
2014/4/9 4:50,0.0,0
2014/4/9 4:55,0.0,0
2014/4/9 5:00,0.0,0
2014/4/9 5:05,0.0,0
2014/4/9 5:10,0.0,0
2014/4/9 5:15,0.0,0
2014/4/9 5:20,0.0,0
2014/4/9 5:25,0.0,0
2014/4/9 5:30,0.0,0
2014/4/9 5:35,2.747119205,0
2014/4/9 5:40,1.864542576,0
2014/4/9 5:45,0.0,0
2014/4/9 5:50,0.0,0
2014/4/9 5:55,0.0,0
2014/4/9 6:00,0.0,0
2014/4/9 6:05,0.0,0
2014/4/9 6:10,0.0,0
2014/4/9 6:15,0.0,0
2014/4/9 6:20,0.0,0
2014/4/9 6:25,0.0,0
2014/4/9 6:30,0.0,0
2014/4/9 6:35,0.0,0
2014/4/9 6:40,0.0,0
2014/4/9 6:45,0.0,0
2014/4/9 6:50,0.0,0
2014/4/9 6:55,0.0,0
2014/4/9 7:00,0.0,0
2014/4/9 7:05,0.0,0
2014/4/9 7:10,0.0,0
2014/4/9 7:15,0.0,0
2014/4/9 7:20,0.0,0
2014/4/9 7:25,0.0,0
2014/4/9 7:30,0.0,0
2014/4/9 7:35,0.0,0
2014/4/9 7:40,0.0,0
2014/4/9 7:45,0.0,0
2014/4/9 7:50,0.0,0
2014/4/9 7:55,0.0,0
2014/4/9 8:00,0.0,0
2014/4/9 8:05,0.0,0
2014/4/9 8:10,0.0,0
2014/4/9 8:15,0.0,0
2014/4/9 8:20,0.0,0
2014/4/9 8:25,0.0,0
2014/4/9 8:30,0.0,0
2014/4/9 8:35,0.0,0
2014/4/9 8:40,0.0,0
2014/4/9 8:45,0.28745053,0
2014/4/9 8:50,0.274921717,0
2014/4/9 8:55,0.0,0
2014/4/9 9:00,0.0,0
2014/4/9 9:05,0.0,0
2014/4/9 9:10,0.0,0
2014/4/9 9:15,0.0,0
2014/4/9 9:20,0.0,0
2014/4/9 9:25,0.0,0
2014/4/9 9:30,0.0,0
2014/4/9 9:35,0.0,0
2014/4/9 9:40,0.0,0
2014/4/9 9:45,0.0,0
2014/4/9 9:50,0.0,0
2014/4/9 9:55,0.0,0
2014/4/9 10:00,0.0,0
2014/4/9 10:05,0.0,0
2014/4/9 10:10,0.0,0
2014/4/9 10:15,0.0,0
2014/4/9 10:20,0.0,0
2014/4/9 10:25,0.29385856,0
2014/4/9 10:30,0.205389829,0
2014/4/9 10:35,0.0,0
2014/4/9 10:40,0.0,0
2014/4/9 10:45,0.0,0
2014/4/9 10:50,0.0,0
2014/4/9 10:55,0.0,0
2014/4/9 11:00,0.0,0
2014/4/9 11:05,0.0,0
2014/4/9 11:10,0.0,0
2014/4/9 11:15,0.0,0
2014/4/9 11:20,0.0,0
2014/4/9 11:25,0.0,0
2014/4/9 11:30,1.825526146,0
2014/4/9 11:35,2.528491242,0
2014/4/9 11:40,0.0,0
2014/4/9 11:45,0.0,0
2014/4/9 11:50,0.0,0
2014/4/9 11:55,0.0,0
2014/4/9 12:00,0.0,0
2014/4/9 12:05,0.0,0
2014/4/9 12:10,0.0,0
2014/4/9 12:15,0.0,0
2014/4/9 12:20,0.0,0
2014/4/9 12:25,0.0,0
2014/4/9 12:30,0.0,0
2014/4/9 12:35,0.0,0
2014/4/9 12:40,0.0,0
2014/4/9 12:45,0.0,0
2014/4/9 12:50,0.0,0
2014/4/9 12:55,0.0,0
2014/4/9 13:00,0.0,0
2014/4/9 13:05,0.0,0
2014/4/9 13:10,0.0,0
2014/4/9 13:15,0.0,0
2014/4/9 13:20,0.0,0
2014/4/9 13:25,0.0,0
2014/4/9 13:30,0.0,0
2014/4/9 13:35,0.0,0
2014/4/9 13:40,0.0,0
2014/4/9 13:45,0.0,0
2014/4/9 13:50,0.0,0
2014/4/9 13:55,0.0,0
2014/4/9 14:00,0.158983439,0
2014/4/9 14:05,0.120061637,0
2014/4/9 14:10,0.0,0
2014/4/9 14:15,0.0,0
2014/4/9 14:20,0.0,0
2014/4/9 14:25,0.0,0
2014/4/9 14:30,0.0,0
2014/4/9 14:35,0.0,0
2014/4/9 14:40,0.0,0
2014/4/9 14:45,0.0,0
2014/4/9 14:50,0.0,0
2014/4/9 14:55,0.0,0
2014/4/9 15:00,0.0,0
2014/4/9 15:05,0.201217984,0
2014/4/9 15:10,0.72604954,0
2014/4/9 15:15,0.416123952,0
2014/4/9 15:20,0.0,0
2014/4/9 15:25,0.0,0
2014/4/9 15:30,0.0,0
2014/4/9 15:35,0.0,0
2014/4/9 15:40,0.0,0
2014/4/9 15:45,0.228935241,0
2014/4/9 15:50,0.225350102,0
2014/4/9 15:55,0.0,0
2014/4/9 16:00,0.0,0
2014/4/9 16:05,0.0,0
2014/4/9 16:10,0.0,0
2014/4/9 16:15,0.0,0
2014/4/9 16:20,0.0,0
2014/4/9 16:25,0.0,0
2014/4/9 16:30,0.0,0
2014/4/9 16:35,0.0,0
2014/4/9 16:40,0.0,0
2014/4/9 16:45,0.0,0
2014/4/9 16:50,0.0,0
2014/4/9 16:55,0.0,0
2014/4/9 17:00,0.0,0
2014/4/9 17:05,0.0,0
2014/4/9 17:10,0.0,0
2014/4/9 17:15,0.0,0
2014/4/9 17:20,0.0,0
2014/4/9 17:25,0.0,0
2014/4/9 17:30,0.0,0
2014/4/9 17:35,0.0,0
2014/4/9 17:40,0.0,0
2014/4/9 17:45,2.165107674,0
2014/4/9 17:50,1.14201356,0
2014/4/9 17:55,0.0,0
2014/4/9 18:00,0.0,0
2014/4/9 18:05,0.0,0
2014/4/9 18:10,0.0,0
2014/4/9 18:15,0.0,0
2014/4/9 18:20,0.0,0
2014/4/9 18:25,0.0,0
2014/4/9 18:30,0.0,0
2014/4/9 18:35,0.0,0
2014/4/9 18:40,0.0,0
2014/4/9 18:45,0.0,0
2014/4/9 18:50,0.0,0
2014/4/9 18:55,0.0,0
2014/4/9 19:00,0.0,0
2014/4/9 19:05,0.0,0
2014/4/9 19:10,0.0,0
2014/4/9 19:15,0.0,0
2014/4/9 19:20,0.0,0
2014/4/9 19:25,0.0,0
2014/4/9 19:30,0.0,0
2014/4/9 19:35,0.0,0
2014/4/9 19:40,0.0,0
2014/4/9 19:45,0.0,0
2014/4/9 19:50,0.0,0
2014/4/9 19:55,0.0,0
2014/4/9 20:00,0.0,0
2014/4/9 20:05,0.0,0
2014/4/9 20:10,0.0,0
2014/4/9 20:15,0.0,0
2014/4/9 20:20,0.0,0
2014/4/9 20:25,0.0,0
2014/4/9 20:30,0.0,0
2014/4/9 20:35,0.0,0
2014/4/9 20:40,0.0,0
2014/4/9 20:45,0.0,0
2014/4/9 20:50,0.0,0
2014/4/9 20:55,0.0,0
2014/4/9 21:00,0.0,0
2014/4/9 21:05,0.0,0
2014/4/9 21:10,0.128733033,0
2014/4/9 21:15,0.116189561,0
2014/4/9 21:20,0.0,0
2014/4/9 21:25,0.0,0
2014/4/9 21:30,0.0,0
2014/4/9 21:35,0.0,0
2014/4/9 21:40,0.0,0
2014/4/9 21:45,0.0,0
2014/4/9 21:50,0.0,0
2014/4/9 21:55,0.0,0
2014/4/9 22:00,0.0,0
2014/4/9 22:05,0.0,0
2014/4/9 22:10,0.0,0
2014/4/9 22:15,0.0,0
2014/4/9 22:20,0.0,0
2014/4/9 22:25,0.0,0
2014/4/9 22:30,0.0,0
2014/4/9 22:35,0.0,0
2014/4/9 22:40,0.0,0
2014/4/9 22:45,0.0,0
2014/4/9 22:50,0.0,0
2014/4/9 22:55,0.233088709,0
2014/4/9 23:00,0.22697960600000006,0
2014/4/9 23:05,0.0,0
2014/4/9 23:10,0.0,0
2014/4/9 23:15,0.0,0
2014/4/9 23:20,0.0,0
2014/4/9 23:25,0.0,0
2014/4/9 23:30,0.0,0
2014/4/9 23:35,0.0,0
2014/4/9 23:40,0.0,0
2014/4/9 23:45,0.0,0
2014/4/9 23:50,0.0,0
2014/4/9 23:55,0.0,0
2014/4/10 0:00,0.0,0
2014/4/10 0:05,0.0,0
2014/4/10 0:10,0.0,0
2014/4/10 0:15,0.0,0
2014/4/10 0:20,0.0,0
2014/4/10 0:25,0.0,0
2014/4/10 0:30,0.0,0
2014/4/10 0:35,0.0,0
2014/4/10 0:40,0.0,0
2014/4/10 0:45,0.0,0
2014/4/10 0:50,0.0,0
2014/4/10 0:55,0.0,0
2014/4/10 1:00,0.0,0
2014/4/10 1:05,0.0,0
2014/4/10 1:10,0.0,0
2014/4/10 1:15,0.0,0
2014/4/10 1:20,0.0,0
2014/4/10 1:25,0.0,0
2014/4/10 1:30,0.0,0
2014/4/10 1:35,0.0,0
2014/4/10 1:40,0.0,0
2014/4/10 1:45,0.0,0
2014/4/10 1:50,0.0,0
2014/4/10 1:55,0.0,0
2014/4/10 2:00,0.0,0
2014/4/10 2:05,0.0,0
2014/4/10 2:10,0.0,0
2014/4/10 2:15,0.0,0
2014/4/10 2:20,0.0,0
2014/4/10 2:25,0.0,0
2014/4/10 2:30,0.0,0
2014/4/10 2:35,0.0,0
2014/4/10 2:40,0.0,0
2014/4/10 2:45,0.0,0
2014/4/10 2:50,0.0,0
2014/4/10 2:55,0.0,0
2014/4/10 3:00,0.0,0
2014/4/10 3:05,0.0,0
2014/4/10 3:10,0.0,0
2014/4/10 3:15,0.0,0
2014/4/10 3:20,0.0,0
2014/4/10 3:25,0.0,0
2014/4/10 3:30,0.0,0
2014/4/10 3:35,0.0,0
2014/4/10 3:40,0.0,0
2014/4/10 3:45,0.0,0
2014/4/10 3:50,0.0,0
2014/4/10 3:55,0.0,0
2014/4/10 4:00,0.0,0
2014/4/10 4:05,0.0,0
2014/4/10 4:10,0.0,0
2014/4/10 4:15,0.0,0
2014/4/10 4:20,0.0,0
2014/4/10 4:25,0.17056198,0
2014/4/10 4:30,0.157734173,0
2014/4/10 4:35,0.0,0
2014/4/10 4:40,0.0,0
2014/4/10 4:45,0.0,0
2014/4/10 4:50,0.0,0
2014/4/10 4:55,0.0,0
2014/4/10 5:00,0.0,0
2014/4/10 5:05,0.0,0
2014/4/10 5:10,0.0,0
2014/4/10 5:15,0.0,0
2014/4/10 5:20,0.0,0
2014/4/10 5:25,0.0,0
2014/4/10 5:30,0.0,0
2014/4/10 5:35,0.0,0
2014/4/10 5:40,0.0,0
2014/4/10 5:45,0.0,0
2014/4/10 5:50,0.0,0
2014/4/10 5:55,0.0,0
2014/4/10 6:00,1.117592033,0
2014/4/10 6:05,2.823095711,0
2014/4/10 6:10,0.40909763,0
2014/4/10 6:15,0.0,0
2014/4/10 6:20,0.0,0
2014/4/10 6:25,0.0,0
2014/4/10 6:30,0.0,0
2014/4/10 6:35,0.0,0
2014/4/10 6:40,0.0,0
2014/4/10 6:45,0.0,0
2014/4/10 6:50,0.0,0
2014/4/10 6:55,0.0,0
2014/4/10 7:00,0.0,0
2014/4/10 7:05,0.0,0
2014/4/10 7:10,0.0,0
2014/4/10 7:15,0.0,0
2014/4/10 7:20,0.0,0
2014/4/10 7:25,0.0,0
2014/4/10 7:30,0.0,0
2014/4/10 7:35,0.0,0
2014/4/10 7:40,0.0,0
2014/4/10 7:45,0.0,0
2014/4/10 7:50,0.0,0
2014/4/10 7:55,0.0,0
2014/4/10 8:00,0.0,0
2014/4/10 8:05,0.0,0
2014/4/10 8:10,0.0,0
2014/4/10 8:15,1.657690576,0
2014/4/10 8:20,2.3069778640000003,0
2014/4/10 8:25,0.0,0
2014/4/10 8:30,0.0,0
2014/4/10 8:35,0.0,0
2014/4/10 8:40,0.0,0
2014/4/10 8:45,0.0,0
2014/4/10 8:50,0.0,0
2014/4/10 8:55,0.0,0
2014/4/10 9:00,0.0,0
2014/4/10 9:05,0.0,0
2014/4/10 9:10,0.0,0
2014/4/10 9:15,0.0,0
2014/4/10 9:20,0.0,0
2014/4/10 9:25,0.0,0
2014/4/10 9:30,0.0,0
2014/4/10 9:35,0.0,0
2014/4/10 9:40,0.0,0
2014/4/10 9:45,0.0,0
2014/4/10 9:50,0.0,0
2014/4/10 9:55,0.0,0
2014/4/10 10:00,0.188973534,0
2014/4/10 10:05,0.170030635,0
2014/4/10 10:10,0.0,0
2014/4/10 10:15,0.0,0
2014/4/10 10:20,0.0,0
2014/4/10 10:25,0.0,0
2014/4/10 10:30,0.0,0
2014/4/10 10:35,0.229229017,0
2014/4/10 10:40,0.26557773,0
2014/4/10 10:45,0.0,0
2014/4/10 10:50,0.0,0
2014/4/10 10:55,0.0,0
2014/4/10 11:00,0.0,0
2014/4/10 11:05,0.0,0
2014/4/10 11:10,0.0,0
2014/4/10 11:15,0.0,0
2014/4/10 11:20,0.0,0
2014/4/10 11:25,0.0,0
2014/4/10 11:30,0.0,0
2014/4/10 11:35,0.0,0
2014/4/10 11:40,0.0,0
2014/4/10 11:45,0.0,0
2014/4/10 11:50,0.0,0
2014/4/10 11:55,0.0,0
2014/4/10 12:00,0.0,0
2014/4/10 12:05,0.0,0
2014/4/10 12:10,0.0,0
2014/4/10 12:15,0.0,0
2014/4/10 12:20,0.0,0
2014/4/10 12:25,0.0,0
2014/4/10 12:30,0.0,0
2014/4/10 12:35,0.0,0
2014/4/10 12:40,0.0,0
2014/4/10 12:45,0.0,0
2014/4/10 12:50,0.0,0
2014/4/10 12:55,0.0,0
2014/4/10 13:00,0.0,0
2014/4/10 13:05,0.0,0
2014/4/10 13:10,0.0,0
2014/4/10 13:15,0.0,0
2014/4/10 13:20,0.0,0
2014/4/10 13:25,0.0,0
2014/4/10 13:30,0.0,0
2014/4/10 13:35,0.0,0
2014/4/10 13:40,0.0,0
2014/4/10 13:45,0.0,0
2014/4/10 13:50,0.0,0
2014/4/10 13:55,0.0,0
2014/4/10 14:00,0.0,0
2014/4/10 14:05,0.0,0
2014/4/10 14:10,0.0,0
2014/4/10 14:15,0.0,0
2014/4/10 14:20,0.0,0
2014/4/10 14:25,0.0,0
2014/4/10 14:30,0.0,0
2014/4/10 14:35,0.120169996,0
2014/4/10 14:40,0.142974538,0
2014/4/10 14:45,0.0,0
2014/4/10 14:50,0.0,0
2014/4/10 14:55,0.0,0
2014/4/10 15:00,0.0,0
2014/4/10 15:05,0.0,0
2014/4/10 15:10,0.0,0
2014/4/10 15:15,0.0,0
2014/4/10 15:20,0.0,0
2014/4/10 15:25,0.0,0
2014/4/10 15:30,0.0,0
2014/4/10 15:35,0.0,0
2014/4/10 15:40,0.0,0
2014/4/10 15:45,0.0,0
2014/4/10 15:50,0.0,0
2014/4/10 15:55,0.0,0
2014/4/10 16:00,0.0,0
2014/4/10 16:05,0.0,0
2014/4/10 16:10,0.0,0
2014/4/10 16:15,0.0,0
2014/4/10 16:20,0.0,0
2014/4/10 16:25,0.0,0
2014/4/10 16:30,0.0,0
2014/4/10 16:35,0.0,0
2014/4/10 16:40,0.0,0
2014/4/10 16:45,0.0,0
2014/4/10 16:50,0.0,0
2014/4/10 16:55,0.0,0
2014/4/10 17:00,0.0,0
2014/4/10 17:05,0.0,0
2014/4/10 17:10,0.0,0
2014/4/10 17:15,0.0,0
2014/4/10 17:20,0.0,0
2014/4/10 17:25,0.0,0
2014/4/10 17:30,0.0,0
2014/4/10 17:35,0.0,0
2014/4/10 17:40,0.0,0
2014/4/10 17:45,0.0,0
2014/4/10 17:50,0.0,0
2014/4/10 17:55,0.0,0
2014/4/10 18:00,0.0,0
2014/4/10 18:05,0.0,0
2014/4/10 18:10,0.0,0
2014/4/10 18:15,0.0,0
2014/4/10 18:20,0.0,0
2014/4/10 18:25,0.0,0
2014/4/10 18:30,0.0,0
2014/4/10 18:35,0.0,0
2014/4/10 18:40,0.0,0
2014/4/10 18:45,0.0,0
2014/4/10 18:50,0.0,0
2014/4/10 18:55,0.0,0
2014/4/10 19:00,0.0,0
2014/4/10 19:05,0.0,0
2014/4/10 19:10,0.0,0
2014/4/10 19:15,0.0,0
2014/4/10 19:20,0.0,0
2014/4/10 19:25,0.0,0
2014/4/10 19:30,0.0,0
2014/4/10 19:35,0.0,0
2014/4/10 19:40,0.0,0
2014/4/10 19:45,0.0,0
2014/4/10 19:50,0.0,0
2014/4/10 19:55,0.0,0
2014/4/10 20:00,0.0,0
2014/4/10 20:05,0.0,0
2014/4/10 20:10,0.0,0
2014/4/10 20:15,0.0,0
2014/4/10 20:20,0.0,0
2014/4/10 20:25,0.0,0
2014/4/10 20:30,0.0,0
2014/4/10 20:35,0.0,0
2014/4/10 20:40,0.0,0
2014/4/10 20:45,0.0,0
2014/4/10 20:50,0.0,0
2014/4/10 20:55,0.0,0
2014/4/10 21:00,0.0,0
2014/4/10 21:05,0.0,0
2014/4/10 21:10,0.0,0
2014/4/10 21:15,0.0,0
2014/4/10 21:20,0.0,0
2014/4/10 21:25,1.559188741,0
2014/4/10 21:30,2.405649483,0
2014/4/10 21:35,0.220948622,0
2014/4/10 21:40,0.0,0
2014/4/10 21:45,2.54430501,0
2014/4/10 21:50,2.856017484,0
2014/4/10 21:55,0.0,0
2014/4/10 22:00,0.0,0
2014/4/10 22:05,0.0,0
2014/4/10 22:10,0.0,0
2014/4/10 22:15,0.0,0
2014/4/10 22:20,0.0,0
2014/4/10 22:25,0.0,0
2014/4/10 22:30,0.0,0
2014/4/10 22:35,0.0,0
2014/4/10 22:40,0.0,0
2014/4/10 22:45,0.0,0
2014/4/10 22:50,0.0,0
2014/4/10 22:55,0.0,0
2014/4/10 23:00,0.149404287,0
2014/4/10 23:05,0.105521763,0
2014/4/10 23:10,0.0,0
2014/4/10 23:15,0.0,0
2014/4/10 23:20,0.0,0
2014/4/10 23:25,0.0,0
2014/4/10 23:30,0.0,0
2014/4/10 23:35,0.0,0
2014/4/10 23:40,0.0,0
2014/4/10 23:45,0.0,0
2014/4/10 23:50,0.0,0
2014/4/10 23:55,0.0,0
2014/4/11 0:00,2.763975182,0
2014/4/11 0:05,1.742348241,0
2014/4/11 0:10,1.150709793,0
2014/4/11 0:15,2.916697167,0
2014/4/11 0:20,1.870023855,0
2014/4/11 0:25,0.0,0
2014/4/11 0:30,0.0,0
2014/4/11 0:35,0.0,0
2014/4/11 0:40,0.0,0
2014/4/11 0:45,0.0,0
2014/4/11 0:50,0.0,0
2014/4/11 0:55,0.0,0
2014/4/11 1:00,0.0,0
2014/4/11 1:05,0.114182883,0
2014/4/11 1:10,0.10037451,0
2014/4/11 1:15,0.0,0
2014/4/11 1:20,0.0,0
2014/4/11 1:25,0.0,0
2014/4/11 1:30,0.0,0
2014/4/11 1:35,0.0,0
2014/4/11 1:40,0.0,0
2014/4/11 1:45,0.0,0
2014/4/11 1:50,0.0,0
2014/4/11 1:55,0.0,0
2014/4/11 2:00,0.0,1
2014/4/11 2:05,0.0,1
2014/4/11 2:10,2.2465150190000003,1
2014/4/11 2:15,2.332610646,1
2014/4/11 2:20,2.093027417,1
2014/4/11 2:25,1.410515059,1
2014/4/11 2:30,2.5102861,1
2014/4/11 2:35,0.0,1
2014/4/11 2:40,0.0,1
2014/4/11 2:45,0.0,1
2014/4/11 2:50,2.6075039490000003,1
2014/4/11 2:55,2.105951172,1
2014/4/11 3:00,1.977122321,1
2014/4/11 3:05,1.2278763659999998,1
2014/4/11 3:10,1.167903323,1
2014/4/11 3:15,1.679129691,1
2014/4/11 3:20,1.621692311,1
2014/4/11 3:25,2.907312902,1
2014/4/11 3:30,2.567245485,1
2014/4/11 3:35,2.319848591,1
2014/4/11 3:40,0.0,1
2014/4/11 3:45,0.0,1
2014/4/11 3:50,0.0,1
2014/4/11 3:55,0.0,1
2014/4/11 4:00,0.0,1
2014/4/11 4:05,0.153215749,1
2014/4/11 4:10,0.11071567,1
2014/4/11 4:15,0.0,1
2014/4/11 4:20,0.0,1
2014/4/11 4:25,0.0,1
2014/4/11 4:30,0.0,1
2014/4/11 4:35,2.0352961780000003,1
2014/4/11 4:40,1.334735062,1
2014/4/11 4:45,2.956913344,1
2014/4/11 4:50,1.750081397,1
2014/4/11 4:55,1.213851205,1
2014/4/11 5:00,0.0,1
2014/4/11 5:05,1.987597791,1
2014/4/11 5:10,2.747996023,1
2014/4/11 5:15,2.7745820039999995,1
2014/4/11 5:20,1.021931832,1
2014/4/11 5:25,2.77259149,1
2014/4/11 5:30,0.0,1
2014/4/11 5:35,0.0,1
2014/4/11 5:40,0.0,1
2014/4/11 5:45,0.0,1
2014/4/11 5:50,0.0,1
2014/4/11 5:55,0.0,1
2014/4/11 6:00,0.0,1
2014/4/11 6:05,0.0,1
2014/4/11 6:10,0.0,1
2014/4/11 6:15,0.0,1
2014/4/11 6:20,0.0,1
2014/4/11 6:25,0.0,1
2014/4/11 6:30,0.0,1
2014/4/11 6:35,0.0,1
2014/4/11 6:40,0.139172776,1
2014/4/11 6:45,0.158927176,1
2014/4/11 6:50,0.0,1
2014/4/11 6:55,0.0,1
2014/4/11 7:00,0.0,1
2014/4/11 7:05,0.0,1
2014/4/11 7:10,0.0,1
2014/4/11 7:15,0.0,1
2014/4/11 7:20,0.0,1
2014/4/11 7:25,0.0,1
2014/4/11 7:30,0.0,1
2014/4/11 7:35,0.0,1
2014/4/11 7:40,0.0,1
2014/4/11 7:45,0.0,1
2014/4/11 7:50,0.0,1
2014/4/11 7:55,0.0,1
2014/4/11 8:00,0.0,1
2014/4/11 8:05,1.542968435,1
2014/4/11 8:10,1.205513318,1
2014/4/11 8:15,2.81310297,1
2014/4/11 8:20,2.727733512,1
2014/4/11 8:25,2.19246216,1
2014/4/11 8:30,0.0,1
2014/4/11 8:35,0.0,1
2014/4/11 8:40,0.0,1
2014/4/11 8:45,0.0,1
2014/4/11 8:50,0.0,1
2014/4/11 8:55,0.0,1
2014/4/11 9:00,0.0,1
2014/4/11 9:05,0.177472162,1
2014/4/11 9:10,2.719295635,1
2014/4/11 9:15,3.224814931,1
2014/4/11 9:20,2.780758137,1
2014/4/11 9:25,2.981354215,1
2014/4/11 9:30,2.105494895,1
2014/4/11 9:35,0.0,1
2014/4/11 9:40,0.0,1
2014/4/11 9:45,0.0,1
2014/4/11 9:50,0.0,1
2014/4/11 9:55,0.0,1
2014/4/11 10:00,0.0,1
2014/4/11 10:05,0.0,1
2014/4/11 10:10,0.0,1
2014/4/11 10:15,0.0,1
2014/4/11 10:20,0.0,1
2014/4/11 10:25,0.0,1
2014/4/11 10:30,0.0,1
2014/4/11 10:35,0.0,1
2014/4/11 10:40,0.0,1
2014/4/11 10:45,0.0,1
2014/4/11 10:50,0.0,1
2014/4/11 10:55,0.0,1
2014/4/11 11:00,0.0,1
2014/4/11 11:05,0.0,1
2014/4/11 11:10,2.935294186,1
2014/4/11 11:15,1.7751326769999998,1
2014/4/11 11:20,2.22614462,1
2014/4/11 11:25,1.426923032,1
2014/4/11 11:30,1.85277979,1
2014/4/11 11:35,2.878961775,1
2014/4/11 11:40,1.857127676,1
2014/4/11 11:45,1.716735265,1
2014/4/11 11:50,0.0,1
2014/4/11 11:55,0.0,1
2014/4/11 12:00,0.0,1
2014/4/11 12:05,0.0,1
2014/4/11 12:10,0.0,1
2014/4/11 12:15,0.0,1
2014/4/11 12:20,0.0,1
2014/4/11 12:25,0.0,1
2014/4/11 12:30,2.077074562,1
2014/4/11 12:35,2.142683955,1
2014/4/11 12:40,2.263982688,1
2014/4/11 12:45,3.052704389,1
2014/4/11 12:50,2.368688874,1
2014/4/11 12:55,0.0,1
2014/4/11 13:00,0.0,1
2014/4/11 13:05,0.0,1
2014/4/11 13:10,0.0,1
2014/4/11 13:15,0.0,1
2014/4/11 13:20,0.0,1
2014/4/11 13:25,0.0,1
2014/4/11 13:30,0.0,1
2014/4/11 13:35,0.0,1
2014/4/11 13:40,0.0,1
2014/4/11 13:45,0.0,1
2014/4/11 13:50,0.0,1
2014/4/11 13:55,0.0,1
2014/4/11 14:00,0.343298114,1
2014/4/11 14:05,0.35271459,1
2014/4/11 14:10,0.0,1
2014/4/11 14:15,0.0,1
2014/4/11 14:20,0.0,1
2014/4/11 14:25,0.0,1
2014/4/11 14:30,0.0,1
2014/4/11 14:35,0.0,1
2014/4/11 14:40,0.197763234,1
2014/4/11 14:45,0.100464448,1
2014/4/11 14:50,0.0,1
2014/4/11 14:55,2.63496187,1
2014/4/11 15:00,2.067441323,1
2014/4/11 15:05,1.676961021,1
2014/4/11 15:10,2.315901656,1
2014/4/11 15:15,2.43544451,1
2014/4/11 15:20,0.0,1
2014/4/11 15:25,0.0,1
2014/4/11 15:30,0.0,1
2014/4/11 15:35,0.0,1
2014/4/11 15:40,0.0,1
2014/4/11 15:45,2.116097951,1
2014/4/11 15:50,1.113229946,1
2014/4/11 15:55,1.33976575,1
2014/4/11 16:00,1.570595442,1
2014/4/11 16:05,1.565251212,1
2014/4/11 16:10,0.0,1
2014/4/11 16:15,0.0,1
2014/4/11 16:20,0.0,1
2014/4/11 16:25,0.0,1
2014/4/11 16:30,0.0,1
2014/4/11 16:35,2.346841601,1
2014/4/11 16:40,1.036697323,1
2014/4/11 16:45,2.853069062,1
2014/4/11 16:50,1.983697636,1
2014/4/11 16:55,1.620043692,1
2014/4/11 17:00,0.0,1
2014/4/11 17:05,2.055819656,1
2014/4/11 17:10,1.4318512019999998,1
2014/4/11 17:15,2.6988445389999995,1
2014/4/11 17:20,2.231687789,1
2014/4/11 17:25,1.5846590319999998,1
2014/4/11 17:30,2.084265469,1
2014/4/11 17:35,2.65442252,1
2014/4/11 17:40,0.0,1
2014/4/11 17:45,0.0,1
2014/4/11 17:50,0.0,1
2014/4/11 17:55,0.0,1
2014/4/11 18:00,0.0,1
2014/4/11 18:05,0.0,1
2014/4/11 18:10,0.0,1
2014/4/11 18:15,0.0,1
2014/4/11 18:20,0.0,1
2014/4/11 18:25,0.187366866,1
2014/4/11 18:30,0.13073251800000002,1
2014/4/11 18:35,0.193858886,1
2014/4/11 18:40,0.131694529,1
2014/4/11 18:45,0.0,1
2014/4/11 18:50,0.0,1
2014/4/11 18:55,0.0,1
2014/4/11 19:00,0.0,1
2014/4/11 19:05,2.946521487,1
2014/4/11 19:10,2.786277437,1
2014/4/11 19:15,1.6848656169999998,1
2014/4/11 19:20,2.996395759,1
2014/4/11 19:25,1.007009327,1
2014/4/11 19:30,0.0,1
2014/4/11 19:35,0.0,1
2014/4/11 19:40,1.055259512,1
2014/4/11 19:45,2.946520018,1
2014/4/11 19:50,1.6459055809999998,1
2014/4/11 19:55,1.121538537,1
2014/4/11 20:00,1.4742961469999998,1
2014/4/11 20:05,0.0,1
2014/4/11 20:10,0.0,1
2014/4/11 20:15,0.0,1
2014/4/11 20:20,0.0,1
2014/4/11 20:25,0.0,1
2014/4/11 20:30,0.0,1
2014/4/11 20:35,0.0,1
2014/4/11 20:40,1.852200308,1
2014/4/11 20:45,2.461132541,1
2014/4/11 20:50,2.2486710530000003,1
2014/4/11 20:55,1.475242435,1
2014/4/11 21:00,2.006540896,1
2014/4/11 21:05,0.0,1
2014/4/11 21:10,0.0,1
2014/4/11 21:15,0.0,1
2014/4/11 21:20,0.165430632,1
2014/4/11 21:25,0.108003257,1
2014/4/11 21:30,2.8524282110000003,1
2014/4/11 21:35,2.630015554,1
2014/4/11 21:40,1.64637957,1
2014/4/11 21:45,2.964529123,1
2014/4/11 21:50,2.417240801,1
2014/4/11 21:55,0.0,1
2014/4/11 22:00,0.0,1
2014/4/11 22:05,0.0,1
2014/4/11 22:10,0.0,1
2014/4/11 22:15,0.0,1
2014/4/11 22:20,0.0,1
2014/4/11 22:25,0.0,1
2014/4/11 22:30,0.0,1
2014/4/11 22:35,0.0,1
2014/4/11 22:40,0.0,1
2014/4/11 22:45,1.124898711,1
2014/4/11 22:50,1.070321427,1
2014/4/11 22:55,1.336815898,1
2014/4/11 23:00,2.455711736,1
2014/4/11 23:05,1.367477852,1
2014/4/11 23:10,0.0,1
2014/4/11 23:15,0.0,1
2014/4/11 23:20,0.0,1
2014/4/11 23:25,0.0,1
2014/4/11 23:30,0.0,1
2014/4/11 23:35,0.0,1
2014/4/11 23:40,0.0,0
2014/4/11 23:45,0.0,0
2014/4/11 23:50,0.0,0
2014/4/11 23:55,0.0,0
2014/4/12 0:00,0.0,0
2014/4/12 0:05,0.0,0
2014/4/12 0:10,0.0,0
2014/4/12 0:15,0.0,0
2014/4/12 0:20,0.0,0
2014/4/12 0:25,0.0,0
2014/4/12 0:30,0.0,0
2014/4/12 0:35,0.0,0
2014/4/12 0:40,0.0,0
2014/4/12 0:45,0.0,0
2014/4/12 0:50,0.0,0
2014/4/12 0:55,0.0,0
2014/4/12 1:00,0.0,0
2014/4/12 1:05,0.0,0
2014/4/12 1:10,0.0,0
2014/4/12 1:15,0.0,0
2014/4/12 1:20,0.0,0
2014/4/12 1:25,0.0,0
2014/4/12 1:30,0.0,0
2014/4/12 1:35,0.0,0
2014/4/12 1:40,0.0,0
2014/4/12 1:45,0.0,0
2014/4/12 1:50,0.0,0
2014/4/12 1:55,0.0,0
2014/4/12 2:00,0.0,0
2014/4/12 2:05,0.173865265,0
2014/4/12 2:10,0.195878664,0
2014/4/12 2:15,0.0,0
2014/4/12 2:20,0.0,0
2014/4/12 2:25,0.0,0
2014/4/12 2:30,0.0,0
2014/4/12 2:35,0.0,0
2014/4/12 2:40,0.0,0
2014/4/12 2:45,0.0,0
2014/4/12 2:50,0.0,0
2014/4/12 2:55,0.0,0
2014/4/12 3:00,0.0,0
2014/4/12 3:05,0.0,0
2014/4/12 3:10,0.0,0
2014/4/12 3:15,0.0,0
2014/4/12 3:20,0.0,0
2014/4/12 3:25,0.0,0
2014/4/12 3:30,0.0,0
2014/4/12 3:35,0.0,0
2014/4/12 3:40,0.0,0
2014/4/12 3:45,0.0,0
2014/4/12 3:50,0.0,0
2014/4/12 3:55,0.0,0
2014/4/12 4:00,0.0,0
2014/4/12 4:05,0.0,0
2014/4/12 4:10,0.0,0
2014/4/12 4:15,0.0,0
2014/4/12 4:20,0.0,0
2014/4/12 4:25,0.0,0
2014/4/12 4:30,0.0,0
2014/4/12 4:35,0.0,0
2014/4/12 4:40,0.381653355,0
2014/4/12 4:45,0.361936113,0
2014/4/12 4:50,0.0,0
2014/4/12 4:55,0.0,0
2014/4/12 5:00,0.0,0
2014/4/12 5:05,0.0,0
2014/4/12 5:10,0.0,0
2014/4/12 5:15,0.0,0
2014/4/12 5:20,0.0,0
2014/4/12 5:25,0.0,0
2014/4/12 5:30,0.0,0
2014/4/12 5:35,0.186227173,0
2014/4/12 5:40,0.116789269,0
2014/4/12 5:45,0.0,0
2014/4/12 5:50,0.0,0
2014/4/12 5:55,0.132682031,0
2014/4/12 6:00,0.117245184,0
2014/4/12 6:05,0.0,0
2014/4/12 6:10,0.0,0
2014/4/12 6:15,0.0,0
2014/4/12 6:20,0.245588259,0
2014/4/12 6:25,0.295325486,0
2014/4/12 6:30,0.0,0
2014/4/12 6:35,0.0,0
2014/4/12 6:40,0.0,0
2014/4/12 6:45,2.664978949,0
2014/4/12 6:50,2.7611648860000004,0
2014/4/12 6:55,0.0,0
2014/4/12 7:00,0.0,0
2014/4/12 7:05,0.0,0
2014/4/12 7:10,0.0,0
2014/4/12 7:15,0.0,0
2014/4/12 7:20,0.0,0
2014/4/12 7:25,0.0,0
2014/4/12 7:30,0.0,0
2014/4/12 7:35,0.0,0
2014/4/12 7:40,0.0,0
2014/4/12 7:45,0.0,0
2014/4/12 7:50,0.0,0
2014/4/12 7:55,0.0,0
2014/4/12 8:00,0.0,0
2014/4/12 8:05,0.0,0
2014/4/12 8:10,0.0,0
2014/4/12 8:15,0.0,0
2014/4/12 8:20,0.0,0
2014/4/12 8:25,0.0,0
2014/4/12 8:30,0.0,0
2014/4/12 8:35,0.0,0
2014/4/12 8:40,0.0,0
2014/4/12 8:45,0.0,0
2014/4/12 8:50,0.0,0
2014/4/12 8:55,0.0,0
2014/4/12 9:00,0.0,0
2014/4/12 9:05,0.0,0
2014/4/12 9:10,0.0,0
2014/4/12 9:15,0.0,0
2014/4/12 9:20,0.0,0
2014/4/12 9:25,0.0,0
2014/4/12 9:30,0.160130836,0
2014/4/12 9:35,0.171218798,0
2014/4/12 9:40,0.0,0
2014/4/12 9:45,0.0,0
2014/4/12 9:50,0.0,0
2014/4/12 9:55,0.0,0
2014/4/12 10:00,0.0,0
2014/4/12 10:05,0.0,0
2014/4/12 10:10,0.0,0
2014/4/12 10:15,0.0,0
2014/4/12 10:20,0.0,0
2014/4/12 10:25,0.0,0
2014/4/12 10:30,0.0,0
2014/4/12 10:35,0.0,0
2014/4/12 10:40,0.0,0
2014/4/12 10:45,0.0,0
2014/4/12 10:50,0.0,0
2014/4/12 10:55,0.0,0
2014/4/12 11:00,0.0,0
2014/4/12 11:05,0.0,0
2014/4/12 11:10,0.0,0
2014/4/12 11:15,0.0,0
2014/4/12 11:20,0.0,0
2014/4/12 11:25,0.0,0
2014/4/12 11:30,0.0,0
2014/4/12 11:35,0.0,0
2014/4/12 11:40,0.0,0
2014/4/12 11:45,0.0,0
2014/4/12 11:50,0.0,0
2014/4/12 11:55,0.0,0
2014/4/12 12:00,0.0,0
2014/4/12 12:05,0.0,0
2014/4/12 12:10,0.0,0
2014/4/12 12:15,0.0,0
2014/4/12 12:20,0.0,0
2014/4/12 12:25,0.0,0
2014/4/12 12:30,0.0,0
2014/4/12 12:35,0.0,0
2014/4/12 12:40,0.0,0
2014/4/12 12:45,0.35942343200000004,0
2014/4/12 12:50,0.492867893,0
2014/4/12 12:55,0.153950657,0
2014/4/12 13:00,0.0,0
2014/4/12 13:05,0.0,0
2014/4/12 13:10,0.0,0
2014/4/12 13:15,0.0,0
2014/4/12 13:20,0.0,0
2014/4/12 13:25,0.0,0
2014/4/12 13:30,0.0,0
2014/4/12 13:35,0.0,0
2014/4/12 13:40,0.0,0
2014/4/12 13:45,0.0,0
2014/4/12 13:50,0.0,0
2014/4/12 13:55,0.0,0
2014/4/12 14:00,0.0,0
2014/4/12 14:05,0.0,0
2014/4/12 14:10,0.0,0
2014/4/12 14:15,0.0,0
2014/4/12 14:20,0.0,0
2014/4/12 14:25,0.476960616,0
2014/4/12 14:30,0.444759046,0
2014/4/12 14:35,0.0,0
2014/4/12 14:40,0.0,0
2014/4/12 14:45,0.285045292,0
2014/4/12 14:50,0.214523287,0
2014/4/12 14:55,0.0,0
2014/4/12 15:00,0.0,0
2014/4/12 15:05,0.0,0
2014/4/12 15:10,0.0,0
2014/4/12 15:15,0.0,0
2014/4/12 15:20,0.0,0
2014/4/12 15:25,0.0,0
2014/4/12 15:30,0.0,0
2014/4/12 15:35,0.0,0
2014/4/12 15:40,0.0,0
2014/4/12 15:45,0.0,0
2014/4/12 15:50,0.0,0
2014/4/12 15:55,0.0,0
2014/4/12 16:00,0.0,0
2014/4/12 16:05,0.0,0
2014/4/12 16:10,0.0,0
2014/4/12 16:15,0.0,0
2014/4/12 16:20,0.0,0
2014/4/12 16:25,0.0,0
2014/4/12 16:30,0.0,0
2014/4/12 16:35,0.0,0
2014/4/12 16:40,0.0,0
2014/4/12 16:45,0.0,0
2014/4/12 16:50,0.0,0
2014/4/12 16:55,0.0,0
2014/4/12 17:00,0.202978079,0
2014/4/12 17:05,0.293352431,0
2014/4/12 17:10,0.0,0
2014/4/12 17:15,0.433944602,0
2014/4/12 17:20,0.45974983,0
2014/4/12 17:25,0.0,0
2014/4/12 17:30,0.0,0
2014/4/12 17:35,0.0,0
2014/4/12 17:40,0.0,0
2014/4/12 17:45,0.0,0
2014/4/12 17:50,0.0,0
2014/4/12 17:55,0.169092057,0
2014/4/12 18:00,0.142133982,0
2014/4/12 18:05,0.0,0
2014/4/12 18:10,0.0,0
2014/4/12 18:15,0.0,0
2014/4/12 18:20,0.0,0
2014/4/12 18:25,0.0,0
2014/4/12 18:30,0.0,0
2014/4/12 18:35,0.0,0
2014/4/12 18:40,0.0,0
2014/4/12 18:45,0.0,0
2014/4/12 18:50,0.0,0
2014/4/12 18:55,0.0,0
2014/4/12 19:00,0.0,0
2014/4/12 19:05,0.0,0
2014/4/12 19:10,0.0,0
2014/4/12 19:15,0.0,0
2014/4/12 19:20,0.0,0
2014/4/12 19:25,0.0,0
2014/4/12 19:30,0.0,0
2014/4/12 19:35,0.0,0
2014/4/12 19:40,0.0,0
2014/4/12 19:45,0.0,0
2014/4/12 19:50,0.0,0
2014/4/12 19:55,0.0,0
2014/4/12 20:00,0.185401553,0
2014/4/12 20:05,0.17715499399999998,0
2014/4/12 20:10,0.0,0
2014/4/12 20:15,0.0,0
2014/4/12 20:20,0.0,0
2014/4/12 20:25,0.0,0
2014/4/12 20:30,0.0,0
2014/4/12 20:35,0.0,0
2014/4/12 20:40,0.0,0
2014/4/12 20:45,0.0,0
2014/4/12 20:50,0.0,0
2014/4/12 20:55,0.0,0
2014/4/12 21:00,0.0,0
2014/4/12 21:05,0.0,0
2014/4/12 21:10,0.0,0
2014/4/12 21:15,0.0,0
2014/4/12 21:20,0.0,0
2014/4/12 21:25,0.0,0
2014/4/12 21:30,0.0,0
2014/4/12 21:35,0.0,0
2014/4/12 21:40,0.351422933,0
2014/4/12 21:45,0.423608562,0
2014/4/12 21:50,0.0,0
2014/4/12 21:55,0.0,0
2014/4/12 22:00,0.0,0
2014/4/12 22:05,0.0,0
2014/4/12 22:10,0.0,0
2014/4/12 22:15,0.0,0
2014/4/12 22:20,0.0,0
2014/4/12 22:25,0.0,0
2014/4/12 22:30,0.0,0
2014/4/12 22:35,0.0,0
2014/4/12 22:40,0.0,0
2014/4/12 22:45,0.0,0
2014/4/12 22:50,0.0,0
2014/4/12 22:55,0.0,0
2014/4/12 23:00,0.0,0
2014/4/12 23:05,0.0,0
2014/4/12 23:10,0.0,0
2014/4/12 23:15,0.0,0
2014/4/12 23:20,0.0,0
2014/4/12 23:25,0.0,0
2014/4/12 23:30,0.0,0
2014/4/12 23:35,0.0,0
2014/4/12 23:40,0.0,0
2014/4/12 23:45,0.0,0
2014/4/12 23:50,0.0,0
2014/4/12 23:55,0.0,0
2014/4/13 0:00,0.0,0
2014/4/13 0:05,0.0,0
2014/4/13 0:10,0.0,0
2014/4/13 0:15,0.0,0
2014/4/13 0:20,0.0,0
2014/4/13 0:25,0.0,0
2014/4/13 0:30,0.0,0
2014/4/13 0:35,0.0,0
2014/4/13 0:40,0.0,0
2014/4/13 0:45,0.0,0
2014/4/13 0:50,0.0,0
2014/4/13 0:55,0.0,0
2014/4/13 1:00,0.243372706,0
2014/4/13 1:05,0.24572998,0
2014/4/13 1:10,0.0,0
2014/4/13 1:15,0.0,0
2014/4/13 1:20,0.0,0
2014/4/13 1:25,0.0,0
2014/4/13 1:30,0.0,0
2014/4/13 1:35,0.0,0
2014/4/13 1:40,0.0,0
2014/4/13 1:45,0.0,0
2014/4/13 1:50,0.0,0
2014/4/13 1:55,0.0,0
2014/4/13 2:00,0.0,0
2014/4/13 2:05,0.0,0
2014/4/13 2:10,0.0,0
2014/4/13 2:15,0.0,0
2014/4/13 2:20,0.0,0
2014/4/13 2:25,0.0,0
2014/4/13 2:30,0.0,0
2014/4/13 2:35,0.0,0
2014/4/13 2:40,0.0,0
2014/4/13 2:45,0.0,0
2014/4/13 2:50,0.0,0
2014/4/13 2:55,0.0,0
2014/4/13 3:00,0.0,0
2014/4/13 3:05,0.0,0
2014/4/13 3:10,0.0,0
2014/4/13 3:15,0.0,0
2014/4/13 3:20,0.0,0
2014/4/13 3:25,0.0,0
2014/4/13 3:30,0.0,0
2014/4/13 3:35,0.0,0
2014/4/13 3:40,0.0,0
2014/4/13 3:45,0.0,0
2014/4/13 3:50,0.0,0
2014/4/13 3:55,0.0,0
2014/4/13 4:00,0.0,0
2014/4/13 4:05,0.0,0
2014/4/13 4:10,0.0,0
2014/4/13 4:15,0.0,0
2014/4/13 4:20,0.0,0
2014/4/13 4:25,0.0,0
2014/4/13 4:30,0.0,0
2014/4/13 4:35,0.0,0
2014/4/13 4:40,0.0,0
2014/4/13 4:45,0.0,0
2014/4/13 4:50,0.0,0
2014/4/13 4:55,0.0,0
2014/4/13 5:00,0.0,0
2014/4/13 5:05,0.0,0
2014/4/13 5:10,0.0,0
2014/4/13 5:15,0.0,0
2014/4/13 5:20,0.18311389600000005,0
2014/4/13 5:25,0.13486979,0
2014/4/13 5:30,0.0,0
2014/4/13 5:35,0.0,0
2014/4/13 5:40,0.0,0
2014/4/13 5:45,0.0,0
2014/4/13 5:50,0.0,0
2014/4/13 5:55,0.0,0
2014/4/13 6:00,0.0,0
2014/4/13 6:05,0.0,0
2014/4/13 6:10,0.0,0
2014/4/13 6:15,0.0,0
2014/4/13 6:20,0.0,0
2014/4/13 6:25,0.0,0
2014/4/13 6:30,0.0,0
2014/4/13 6:35,0.0,0
2014/4/13 6:40,0.0,0
2014/4/13 6:45,0.0,0
2014/4/13 6:50,0.0,0
2014/4/13 6:55,0.0,0
2014/4/13 7:00,0.0,0
2014/4/13 7:05,0.0,0
2014/4/13 7:10,0.0,0
2014/4/13 7:15,0.0,0
2014/4/13 7:20,0.0,0
2014/4/13 7:25,0.0,0
2014/4/13 7:30,0.0,0
2014/4/13 7:35,0.0,0
2014/4/13 7:40,0.140014955,0
2014/4/13 7:45,0.189405461,0
2014/4/13 7:50,0.0,0
2014/4/13 7:55,0.0,0
2014/4/13 8:00,0.0,0
2014/4/13 8:05,0.0,0
2014/4/13 8:10,0.0,0
2014/4/13 8:15,0.0,0
2014/4/13 8:20,2.87452409,0
2014/4/13 8:25,2.172535686,0
2014/4/13 8:30,0.0,0
2014/4/13 8:35,0.0,0
2014/4/13 8:40,0.0,0
2014/4/13 8:45,0.0,0
2014/4/13 8:50,0.0,0
2014/4/13 8:55,0.0,0
2014/4/13 9:00,0.0,0
2014/4/13 9:05,0.0,0
2014/4/13 9:10,0.0,0
2014/4/13 9:15,0.0,0
2014/4/13 9:20,0.0,0
2014/4/13 9:25,0.0,0
2014/4/13 9:30,0.0,0
2014/4/13 9:35,0.0,0
2014/4/13 9:40,0.0,0
2014/4/13 9:45,0.0,0
2014/4/13 9:50,0.0,0
2014/4/13 9:55,0.0,0
2014/4/13 10:00,0.0,0
2014/4/13 10:05,0.0,0
2014/4/13 10:10,0.0,0
2014/4/13 10:15,0.0,0
2014/4/13 10:20,0.0,0
2014/4/13 10:25,0.0,0
2014/4/13 10:30,0.0,0
2014/4/13 10:35,0.0,0
2014/4/13 10:40,0.0,0
2014/4/13 10:45,0.0,0
2014/4/13 10:50,0.0,0
2014/4/13 10:55,0.0,0
2014/4/13 11:00,0.255094419,0
2014/4/13 11:05,0.210558271,0
2014/4/13 11:10,0.0,0
2014/4/13 11:15,0.0,0
2014/4/13 11:20,0.0,0
2014/4/13 11:25,0.0,0
2014/4/13 11:30,0.0,0
2014/4/13 11:35,0.0,0
2014/4/13 11:40,0.29914018600000003,0
2014/4/13 11:45,0.224413682,0
2014/4/13 11:50,0.0,0
2014/4/13 11:55,0.0,0
2014/4/13 12:00,0.0,0
2014/4/13 12:05,0.0,0
2014/4/13 12:10,0.0,0
2014/4/13 12:15,0.0,0
2014/4/13 12:20,0.0,0
2014/4/13 12:25,0.0,0
2014/4/13 12:30,0.0,0
2014/4/13 12:35,0.0,0
2014/4/13 12:40,0.0,0
2014/4/13 12:45,0.0,0
2014/4/13 12:50,0.0,0
2014/4/13 12:55,0.0,0
2014/4/13 13:00,0.0,0
2014/4/13 13:05,0.0,0
2014/4/13 13:10,0.0,0
2014/4/13 13:15,0.0,0
2014/4/13 13:20,0.0,0
2014/4/13 13:25,0.0,0
2014/4/13 13:30,0.0,0
2014/4/13 13:35,0.0,0
2014/4/13 13:40,0.0,0
2014/4/13 13:45,0.0,0
2014/4/13 13:50,0.0,0
2014/4/13 13:55,0.14966238099999998,0
2014/4/13 14:00,0.154425391,0
2014/4/13 14:05,0.0,0
2014/4/13 14:10,0.0,0
2014/4/13 14:15,0.0,0
2014/4/13 14:20,0.0,0
2014/4/13 14:25,0.0,0
2014/4/13 14:30,0.0,0
2014/4/13 14:35,0.0,0
2014/4/13 14:40,0.0,0
2014/4/13 14:45,2.398386396,0
2014/4/13 14:50,2.05035158,0
2014/4/13 14:55,0.0,0
2014/4/13 15:00,0.195649813,0
2014/4/13 15:05,0.188672638,0
2014/4/13 15:10,0.0,0
2014/4/13 15:15,0.0,0
2014/4/13 15:20,0.0,0
2014/4/13 15:25,0.0,0
2014/4/13 15:30,0.0,0
2014/4/13 15:35,0.116946671,0
2014/4/13 15:40,0.14732150300000002,0
2014/4/13 15:45,0.0,0
2014/4/13 15:50,0.0,0
2014/4/13 15:55,0.0,0
2014/4/13 16:00,0.382969594,0
2014/4/13 16:05,0.406931913,0
2014/4/13 16:10,0.0,0
2014/4/13 16:15,2.66947591,0
2014/4/13 16:20,1.066266924,0
2014/4/13 16:25,0.0,0
2014/4/13 16:30,0.0,0
2014/4/13 16:35,0.197129623,0
2014/4/13 16:40,0.13723663,0
2014/4/13 16:45,0.0,0
2014/4/13 16:50,0.0,0
2014/4/13 16:55,0.0,0
2014/4/13 17:00,0.0,0
2014/4/13 17:05,0.0,0
2014/4/13 17:10,0.0,0
2014/4/13 17:15,0.0,0
2014/4/13 17:20,0.0,0
2014/4/13 17:25,0.137157311,0
2014/4/13 17:30,0.119503023,0
2014/4/13 17:35,0.0,0
2014/4/13 17:40,0.0,0
2014/4/13 17:45,0.0,0
2014/4/13 17:50,0.0,0
2014/4/13 17:55,0.0,0
2014/4/13 18:00,0.0,0
2014/4/13 18:05,0.304038985,0
2014/4/13 18:10,0.33171960100000003,0
2014/4/13 18:15,0.0,0
2014/4/13 18:20,0.0,0
2014/4/13 18:25,0.0,0
2014/4/13 18:30,0.0,0
2014/4/13 18:35,0.0,0
2014/4/13 18:40,0.0,0
2014/4/13 18:45,0.0,0
2014/4/13 18:50,0.0,0
2014/4/13 18:55,0.0,0
2014/4/13 19:00,0.0,0
2014/4/13 19:05,0.428337302,0
2014/4/13 19:10,0.44339538,0
2014/4/13 19:15,0.0,0
2014/4/13 19:20,0.0,0
2014/4/13 19:25,0.0,0
2014/4/13 19:30,0.0,0
2014/4/13 19:35,0.0,0
2014/4/13 19:40,0.0,0
2014/4/13 19:45,0.0,0
2014/4/13 19:50,0.0,0
2014/4/13 19:55,0.0,0
2014/4/13 20:00,0.0,0
2014/4/13 20:05,0.21985524,0
2014/4/13 20:10,0.252680292,0
2014/4/13 20:15,0.0,0
2014/4/13 20:20,1.536756731,0
2014/4/13 20:25,1.939296713,0
2014/4/13 20:30,0.0,0
2014/4/13 20:35,0.0,0
2014/4/13 20:40,0.0,0
2014/4/13 20:45,0.0,0
2014/4/13 20:50,0.0,0
2014/4/13 20:55,0.0,0
2014/4/13 21:00,0.0,0
2014/4/13 21:05,0.0,0
2014/4/13 21:10,0.0,0
2014/4/13 21:15,0.0,0
2014/4/13 21:20,0.0,0
2014/4/13 21:25,0.0,0
2014/4/13 21:30,0.0,0
2014/4/13 21:35,0.0,0
2014/4/13 21:40,0.0,0
2014/4/13 21:45,0.0,0
2014/4/13 21:50,0.0,0
2014/4/13 21:55,0.0,0
2014/4/13 22:00,0.0,0
2014/4/13 22:05,1.153207233,0
2014/4/13 22:10,2.411813339,0
2014/4/13 22:15,0.0,0
2014/4/13 22:20,0.0,0
2014/4/13 22:25,0.0,0
2014/4/13 22:30,0.0,0
2014/4/13 22:35,0.0,0
2014/4/13 22:40,0.0,0
2014/4/13 22:45,0.111432311,0
2014/4/13 22:50,0.174030479,0
2014/4/13 22:55,0.0,0
2014/4/13 23:00,0.0,0
2014/4/13 23:05,0.0,0
2014/4/13 23:10,0.0,0
2014/4/13 23:15,0.0,0
2014/4/13 23:20,0.0,0
2014/4/13 23:25,0.0,0
2014/4/13 23:30,0.0,0
2014/4/13 23:35,0.0,0
2014/4/13 23:40,0.0,0
2014/4/13 23:45,0.0,0
2014/4/13 23:50,0.0,0
2014/4/13 23:55,0.0,0
2014/4/14 0:00,0.0,0
2014/4/14 0:05,0.0,0
2014/4/14 0:10,0.0,0
2014/4/14 0:15,0.0,0
2014/4/14 0:20,0.0,0
2014/4/14 0:25,0.0,0
2014/4/14 0:30,0.0,0
2014/4/14 0:35,0.0,0
2014/4/14 0:40,0.0,0
2014/4/14 0:45,0.0,0
2014/4/14 0:50,0.0,0
2014/4/14 0:55,0.0,0
2014/4/14 1:00,0.0,0
2014/4/14 1:05,0.0,0
2014/4/14 1:10,0.0,0
2014/4/14 1:15,0.0,0
2014/4/14 1:20,0.0,0
2014/4/14 1:25,0.0,0
2014/4/14 1:30,0.0,0
2014/4/14 1:35,0.0,0
2014/4/14 1:40,0.0,0
2014/4/14 1:45,0.0,0
2014/4/14 1:50,0.0,0
2014/4/14 1:55,0.0,0
2014/4/14 2:00,0.0,0
2014/4/14 2:05,0.0,0
2014/4/14 2:10,0.0,0
2014/4/14 2:15,0.0,0
2014/4/14 2:20,0.0,0
2014/4/14 2:25,0.0,0
2014/4/14 2:30,0.0,0
2014/4/14 2:35,0.0,0
2014/4/14 2:40,0.0,0
2014/4/14 2:45,0.0,0
2014/4/14 2:50,1.70150643,0
2014/4/14 2:55,1.429792867,0
2014/4/14 3:00,0.0,0
2014/4/14 3:05,0.0,0
2014/4/14 3:10,0.0,0
2014/4/14 3:15,0.0,0
2014/4/14 3:20,0.0,0
2014/4/14 3:25,0.0,0
2014/4/14 3:30,0.0,0
2014/4/14 3:35,0.0,0
2014/4/14 3:40,0.0,0
2014/4/14 3:45,0.0,0
2014/4/14 3:50,0.0,0
2014/4/14 3:55,0.0,0
2014/4/14 4:00,0.0,0
2014/4/14 4:05,0.0,0
2014/4/14 4:10,0.0,0
2014/4/14 4:15,0.0,0
2014/4/14 4:20,0.0,0
2014/4/14 4:25,0.0,0
2014/4/14 4:30,0.0,0
2014/4/14 4:35,0.0,0
2014/4/14 4:40,0.0,0
2014/4/14 4:45,0.0,0
2014/4/14 4:50,0.0,0
2014/4/14 4:55,0.0,0
2014/4/14 5:00,0.0,0
2014/4/14 5:05,0.0,0
2014/4/14 5:10,0.0,0
2014/4/14 5:15,0.0,0
2014/4/14 5:20,0.0,0
2014/4/14 5:25,1.232925498,0
2014/4/14 5:30,2.7595338760000003,0
2014/4/14 5:35,0.0,0
2014/4/14 5:40,0.0,0
2014/4/14 5:45,0.0,0
2014/4/14 5:50,0.0,0
2014/4/14 5:55,0.0,0
2014/4/14 6:00,0.0,0
2014/4/14 6:05,0.0,0
2014/4/14 6:10,0.0,0
2014/4/14 6:15,0.0,0
2014/4/14 6:20,0.0,0
2014/4/14 6:25,0.0,0
2014/4/14 6:30,0.0,0
2014/4/14 6:35,0.0,0
2014/4/14 6:40,0.0,0
2014/4/14 6:45,0.0,0
2014/4/14 6:50,0.0,0
2014/4/14 6:55,0.0,0
2014/4/14 7:00,0.0,0
2014/4/14 7:05,0.0,0
2014/4/14 7:10,0.0,0
2014/4/14 7:15,0.0,0
2014/4/14 7:20,0.0,0
2014/4/14 7:25,0.0,0
2014/4/14 7:30,0.0,0
2014/4/14 7:35,0.0,0
2014/4/14 7:40,0.0,0
2014/4/14 7:45,0.0,0
2014/4/14 7:50,0.0,0
2014/4/14 7:55,0.0,0
2014/4/14 8:00,0.0,0
2014/4/14 8:05,0.357889839,0
2014/4/14 8:10,0.437856816,0
2014/4/14 8:15,0.0,0
2014/4/14 8:20,0.0,0
2014/4/14 8:25,0.0,0
2014/4/14 8:30,0.0,0
2014/4/14 8:35,0.0,0
2014/4/14 8:40,0.0,0
2014/4/14 8:45,0.0,0
2014/4/14 8:50,0.0,0
2014/4/14 8:55,0.0,0
2014/4/14 9:00,0.0,0
2014/4/14 9:05,0.0,0
2014/4/14 9:10,0.0,0
2014/4/14 9:15,0.187622329,0
2014/4/14 9:20,0.188377746,0
2014/4/14 9:25,0.0,0
2014/4/14 9:30,0.0,0
2014/4/14 9:35,0.0,0
2014/4/14 9:40,0.0,0
2014/4/14 9:45,0.0,0
2014/4/14 9:50,0.0,0
2014/4/14 9:55,0.0,0
2014/4/14 10:00,0.0,0
2014/4/14 10:05,0.0,0
2014/4/14 10:10,0.0,0
2014/4/14 10:15,0.0,0
2014/4/14 10:20,0.0,0
2014/4/14 10:25,0.0,0
2014/4/14 10:30,0.0,0
2014/4/14 10:35,0.0,0
2014/4/14 10:40,0.0,0
2014/4/14 10:45,0.0,0
2014/4/14 10:50,0.0,0
2014/4/14 10:55,0.0,0
2014/4/14 11:00,0.0,0
2014/4/14 11:05,0.0,0
2014/4/14 11:10,0.0,0
2014/4/14 11:15,0.0,0
2014/4/14 11:20,0.367622184,0
2014/4/14 11:25,0.493550865,0
2014/4/14 11:30,0.0,0
2014/4/14 11:35,0.0,0
2014/4/14 11:40,0.0,0
2014/4/14 11:45,0.0,0
2014/4/14 11:50,0.0,0
2014/4/14 11:55,0.0,0
2014/4/14 12:00,0.0,0
2014/4/14 12:05,0.0,0
2014/4/14 12:10,0.277865215,0
2014/4/14 12:15,0.288999748,0
2014/4/14 12:20,0.0,0
2014/4/14 12:25,0.0,0
2014/4/14 12:30,0.0,0
2014/4/14 12:35,0.0,0
2014/4/14 12:40,0.0,0
2014/4/14 12:45,0.0,0
2014/4/14 12:50,0.0,0
2014/4/14 12:55,0.0,0
2014/4/14 13:00,0.0,0
2014/4/14 13:05,0.0,0
2014/4/14 13:10,0.0,0
2014/4/14 13:15,0.0,0
2014/4/14 13:20,0.0,0
2014/4/14 13:25,0.0,0
2014/4/14 13:30,0.320300772,0
2014/4/14 13:35,0.399549363,0
2014/4/14 13:40,0.0,0
2014/4/14 13:45,0.0,0
2014/4/14 13:50,0.0,0
2014/4/14 13:55,0.0,0
2014/4/14 14:00,0.0,0
2014/4/14 14:05,0.0,0
2014/4/14 14:10,0.0,0
2014/4/14 14:15,0.0,0
2014/4/14 14:20,0.0,0
2014/4/14 14:25,0.0,0
2014/4/14 14:30,0.0,0
2014/4/14 14:35,0.0,0
2014/4/14 14:40,0.0,0
2014/4/14 14:45,0.0,0
2014/4/14 14:50,0.0,0
2014/4/14 14:55,0.0,0
2014/4/14 15:00,0.110849835,0
2014/4/14 15:05,0.142835028,0
2014/4/14 15:10,0.0,0
2014/4/14 15:15,0.0,0
2014/4/14 15:20,0.0,0
2014/4/14 15:25,0.0,0
2014/4/14 15:30,0.0,0
2014/4/14 15:35,0.0,0
2014/4/14 15:40,0.0,0
2014/4/14 15:45,0.0,0
2014/4/14 15:50,0.0,0
2014/4/14 15:55,0.0,0
2014/4/14 16:00,0.385609558,0
2014/4/14 16:05,0.365204691,0
2014/4/14 16:10,0.0,0
2014/4/14 16:15,0.0,0
2014/4/14 16:20,0.0,0
2014/4/14 16:25,0.0,0
2014/4/14 16:30,0.0,0
2014/4/14 16:35,0.0,0
2014/4/14 16:40,0.0,0
2014/4/14 16:45,0.0,0
2014/4/14 16:50,0.0,0
2014/4/14 16:55,0.0,0
2014/4/14 17:00,0.0,0
2014/4/14 17:05,0.0,0
2014/4/14 17:10,0.0,0
2014/4/14 17:15,0.0,0
2014/4/14 17:20,0.0,0
2014/4/14 17:25,0.0,0
2014/4/14 17:30,0.0,0
2014/4/14 17:35,0.0,0
2014/4/14 17:40,0.0,0
2014/4/14 17:45,0.0,0
2014/4/14 17:50,0.0,0
2014/4/14 17:55,0.0,0
2014/4/14 18:00,0.0,0
2014/4/14 18:05,0.0,0
2014/4/14 18:10,0.0,0
2014/4/14 18:15,0.0,0
2014/4/14 18:20,0.0,0
2014/4/14 18:25,0.0,0
2014/4/14 18:30,0.0,0
2014/4/14 18:35,0.0,0
2014/4/14 18:40,0.0,0
2014/4/14 18:45,0.0,0
2014/4/14 18:50,0.0,0
2014/4/14 18:55,0.0,0
2014/4/14 19:00,0.0,0
2014/4/14 19:05,0.0,0
2014/4/14 19:10,0.0,0
2014/4/14 19:15,0.0,0
2014/4/14 19:20,0.0,0
2014/4/14 19:25,0.0,0
2014/4/14 19:30,0.0,0
2014/4/14 19:35,0.0,0
2014/4/14 19:40,0.0,0
2014/4/14 19:45,0.0,0
2014/4/14 19:50,0.0,0
2014/4/14 19:55,0.0,0
2014/4/14 20:00,0.0,0
2014/4/14 20:05,0.0,0
2014/4/14 20:10,0.0,0
2014/4/14 20:15,0.0,0
2014/4/14 20:20,0.0,0
2014/4/14 20:25,0.0,0
2014/4/14 20:30,0.0,0
2014/4/14 20:35,0.0,0
2014/4/14 20:40,0.0,0
2014/4/14 20:45,0.0,0
2014/4/14 20:50,0.0,0
2014/4/14 20:55,0.0,0
2014/4/14 21:00,0.0,0
2014/4/14 21:05,0.429106798,0
2014/4/14 21:10,0.326211149,0
2014/4/14 21:15,0.0,0
2014/4/14 21:20,0.0,0
2014/4/14 21:25,0.0,0
2014/4/14 21:30,0.0,0
2014/4/14 21:35,0.0,0
2014/4/14 21:40,0.0,0
2014/4/14 21:45,0.0,0
2014/4/14 21:50,0.0,0
2014/4/14 21:55,0.0,0
2014/4/14 22:00,0.0,0
2014/4/14 22:05,0.0,0
2014/4/14 22:10,0.0,0
2014/4/14 22:15,0.0,0
2014/4/14 22:20,0.0,0
2014/4/14 22:25,0.0,0
2014/4/14 22:30,0.0,0
2014/4/14 22:35,0.0,0
2014/4/14 22:40,0.0,0
2014/4/14 22:45,0.443332484,0
2014/4/14 22:50,0.496118425,0
2014/4/14 22:55,0.0,0
2014/4/14 23:00,0.0,0
2014/4/14 23:05,0.146472196,0
2014/4/14 23:10,0.197761537,0
2014/4/14 23:15,0.0,0
2014/4/14 23:20,0.0,0
2014/4/14 23:25,0.0,0
2014/4/14 23:30,0.0,0
2014/4/14 23:35,0.460911743,0
2014/4/14 23:40,0.472003351,0
2014/4/14 23:45,0.0,0
2014/4/14 23:50,0.0,0
2014/4/14 23:55,0.0,0
